filename,label
18384762643983.jpg,-1
016980105046912.jpg,-1
036834111884039.jpg,-1
004625009415433.jpg,-1
020461846485988.jpg,-1
265951336816071.jpg,-1
33128920008368.jpg,-1
018085011334244.jpg,-1
018803614940847.jpg,-1
005578404859665.jpg,-1
32530449794611.jpg,-1
8174197309698.jpg,-1
06279602955364.jpg,-1
23956331389727.jpg,-1
9900804630998.jpg,-1
013550021467416.jpg,-1
27480204365774.jpg,-1
6435403203617.jpg,-1
13441037532303.jpg,-1
0016349550331449.jpg,-1
08347785874569.jpg,-1
21883578670416.jpg,-1
033117039185586.jpg,-1
000342011438472.jpg,-1
11622262750975.jpg,-1
01953595716221.jpg,-1
014448942260619.jpg,-1
0754313820893.jpg,-1
14728368567656.jpg,-1
13661088199021.jpg,-1
09984303813909.jpg,-1
18834934124798.jpg,-1
013927223214113.jpg,-1
018071332947573.jpg,-1
013902044266653.jpg,-1
1122829736802.jpg,-1
034012863791381.jpg,-1
019021394655016.jpg,-1
13184096244182.jpg,-1
31716132117268.jpg,-1
012874921887434.jpg,-1
002718131810192.jpg,-1
18281963268415.jpg,-1
028765769704169.jpg,-1
05567101634367.jpg,-1
034761103767176.jpg,-1
25071521718327.jpg,-1
09198698468288.jpg,-1
25849917061344.jpg,-1
27161198029806.jpg,-1
9619841049437.jpg,-1
019564976330349.jpg,-1
12735104232538.jpg,-1
9308977675001.jpg,-1
27567046610263.jpg,-1
15906633437826.jpg,-1
01781360840096.jpg,-1
33750339521416.jpg,-1
11646273869983.jpg,-1
20695688978852.jpg,-1
008862212100739.jpg,-1
020192554406733.jpg,-1
18781281737571.jpg,-1
025419394155902.jpg,-1
1980707854734.jpg,-1
23303448859908.jpg,-1
030487004303984.jpg,-1
18742608494371.jpg,-1
12614833150102.jpg,-1
16166306813149.jpg,-1
17393389558252.jpg,-1
005748051475573.jpg,-1
13000708916083.jpg,-1
011532067965107.jpg,-1
12593104507989.jpg,-1
17277394812476.jpg,-1
002596794080726.jpg,-1
16828289077803.jpg,-1
002808818788188.jpg,-1
013042711181979.jpg,-1
10395755234651.jpg,-1
35204408820657.jpg,-1
24285442787656.jpg,-1
04089974590404.jpg,-1
019106599101771.jpg,-1
016928921677354.jpg,-1
06438115382852.jpg,-1
12546101220059.jpg,-1
5185844272154.jpg,-1
009074139581669.jpg,-1
003185862839118.jpg,-1
25644155485729.jpg,-1
012371774847624.jpg,-1
0013075041708503.jpg,-1
018212495843132.jpg,-1
001952076314306.jpg,-1
14170055702155.jpg,-1
0021817259041108.jpg,-1
14376577091906.jpg,-1
021279907839409.jpg,-1
014350553439872.jpg,-1
5595742933291.jpg,-1
11503245256301.jpg,-1
18003428898775.jpg,-1
015064910668587.jpg,-1
18274187747361.jpg,-1
028988090834235.jpg,-1
01565752850923.jpg,-1
008928874780995.jpg,-1
20380669552628.jpg,-1
17956135613657.jpg,-1
19314840996989.jpg,-1
14624867056549.jpg,-1
11440043886069.jpg,-1
13911919969691.jpg,-1
013302986258599.jpg,-1
037211181866287.jpg,-1
13040453873107.jpg,-1
03999790381064.jpg,-1
14350720343306.jpg,-1
020511637055323.jpg,-1
19918199554018.jpg,-1
16438616269053.jpg,-1
2497499983661.jpg,-1
25932034773387.jpg,-1
44962994878866.jpg,-1
08395443970464.jpg,-1
021918342004036.jpg,-1
011421228498954.jpg,-1
09446792226175.jpg,-1
020203801189922.jpg,-1
0022360689465546.jpg,-1
16950270712854.jpg,-1
15679712947761.jpg,-1
7451800741398.jpg,-1
29239368835603.jpg,-1
0029427103183386.jpg,-1
13501463567592.jpg,-1
18679627278509.jpg,-1
027428858158003.jpg,-1
4583761063434.jpg,-1
14774447455009.jpg,-1
014715238858.jpg,-1
187634834014541.jpg,-1
007563320595559.jpg,-1
011702050203708.jpg,-1
017182006320244.jpg,-1
22023916207569.jpg,-1
11462346780243.jpg,-1
25805035524389.jpg,-1
019939378945875.jpg,-1
6835905822732.jpg,-1
0280597743375.jpg,-1
015486799561363.jpg,-1
022482428040024.jpg,-1
021086205623046.jpg,-1
033833400077461.jpg,-1
036390543815697.jpg,-1
20873085261174.jpg,-1
021661185351052.jpg,-1
10890365526888.jpg,-1
18979907049442.jpg,-1
015719083273092.jpg,-1
002307729236362.jpg,-1
022319759642095.jpg,-1
015674071766972.jpg,-1
033435147192495.jpg,-1
0101279426376994.jpg,-1
14874978585484.jpg,-1
49648582798106.jpg,-1
000429220654703.jpg,-1
21660331101305.jpg,-1
013262629529259.jpg,-1
020102398498974.jpg,-1
29755755396916e-05.jpg,-1
017248395904449.jpg,-1
3060445917656.jpg,-1
020943645264821.jpg,-1
010844169660052.jpg,-1
9610203831535.jpg,-1
020079496048686.jpg,-1
019430112331294.jpg,-1
011881044183363.jpg,-1
23445057683171.jpg,-1
13975102533413.jpg,-1
018375622048593.jpg,-1
026491872533068.jpg,-1
018594690998686.jpg,-1
29316130531163.jpg,-1
19557014502677.jpg,-1
19687880368138.jpg,-1
031526583921441.jpg,-1
027137841328461.jpg,-1
07597817616844.jpg,-1
01665602174706.jpg,-1
012973426842811.jpg,-1
029356747086601.jpg,-1
012731296446285.jpg,-1
07935206181492.jpg,-1
Abyssinian_225.jpg,0
Abyssinian_219.jpg,0
Abyssinian_153.jpg,0
Abyssinian_184.jpg,0
Abyssinian_190.jpg,0
Abyssinian_75.jpg,0
Abyssinian_61.jpg,0
Abyssinian_49.jpg,0
Abyssinian_48.jpg,0
Abyssinian_60.jpg,0
Abyssinian_74.jpg,0
Abyssinian_191.jpg,0
Abyssinian_185.jpg,0
Abyssinian_1.jpg,0
Abyssinian_152.jpg,0
Abyssinian_146.jpg,0
Abyssinian_224.jpg,0
Abyssinian_230.jpg,0
Abyssinian_226.jpg,0
Abyssinian_232.jpg,0
Abyssinian_150.jpg,0
Abyssinian_144.jpg,0
Abyssinian_3.jpg,0
Abyssinian_178.jpg,0
Abyssinian_193.jpg,0
Abyssinian_89.jpg,0
Abyssinian_62.jpg,0
Abyssinian_76.jpg,0
Abyssinian_77.jpg,0
Abyssinian_63.jpg,0
Abyssinian_88.jpg,0
Abyssinian_192.jpg,0
Abyssinian_179.jpg,0
Abyssinian_2.jpg,0
Abyssinian_145.jpg,0
Abyssinian_151.jpg,0
Abyssinian_223.jpg,0
Abyssinian_169.jpg,0
Abyssinian_6.jpg,0
Abyssinian_155.jpg,0
Abyssinian_141.jpg,0
Abyssinian_196.jpg,0
Abyssinian_182.jpg,0
Abyssinian_98.jpg,0
Abyssinian_67.jpg,0
Abyssinian_73.jpg,0
Abyssinian_72.jpg,0
Abyssinian_66.jpg,0
Abyssinian_99.jpg,0
Abyssinian_183.jpg,0
Abyssinian_197.jpg,0
Abyssinian_140.jpg,0
Abyssinian_154.jpg,0
Abyssinian_7.jpg,0
Abyssinian_168.jpg,0
Abyssinian_220.jpg,0
Abyssinian_142.jpg,0
Abyssinian_156.jpg,0
Abyssinian_181.jpg,0
Abyssinian_195.jpg,0
Abyssinian_58.jpg,0
Abyssinian_70.jpg,0
Abyssinian_65.jpg,0
Abyssinian_71.jpg,0
Abyssinian_180.jpg,0
Abyssinian_157.jpg,0
Abyssinian_143.jpg,0
Abyssinian_4.jpg,0
Abyssinian_221.jpg,0
Abyssinian_124.jpg,0
Abyssinian_130.jpg,0
Abyssinian_118.jpg,0
Abyssinian_16.jpg,0
Abyssinian_17.jpg,0
Abyssinian_119.jpg,0
Abyssinian_131.jpg,0
Abyssinian_125.jpg,0
Abyssinian_133.jpg,0
Abyssinian_127.jpg,0
Abyssinian_15.jpg,0
Abyssinian_29.jpg,0
Abyssinian_14.jpg,0
Abyssinian_126.jpg,0
Abyssinian_132.jpg,0
Abyssinian_136.jpg,0
Abyssinian_122.jpg,0
Abyssinian_10.jpg,0
Abyssinian_11.jpg,0
Abyssinian_123.jpg,0
Abyssinian_137.jpg,0
Abyssinian_109.jpg,0
Abyssinian_121.jpg,0
Abyssinian_135.jpg,0
Abyssinian_13.jpg,0
Abyssinian_12.jpg,0
Abyssinian_134.jpg,0
Abyssinian_120.jpg,0
Abyssinian_108.jpg,0
Abyssinian_105.jpg,0
Abyssinian_111.jpg,0
Abyssinian_139.jpg,0
Abyssinian_37.jpg,0
Abyssinian_22.jpg,0
Abyssinian_36.jpg,0
Abyssinian_138.jpg,0
Abyssinian_110.jpg,0
Abyssinian_104.jpg,0
Abyssinian_112.jpg,0
Abyssinian_106.jpg,0
Abyssinian_20.jpg,0
Abyssinian_34.jpg,0
Abyssinian_21.jpg,0
Abyssinian_107.jpg,0
Abyssinian_113.jpg,0
Abyssinian_117.jpg,0
Abyssinian_103.jpg,0
Abyssinian_19.jpg,0
Abyssinian_25.jpg,0
Abyssinian_31.jpg,0
Abyssinian_30.jpg,0
Abyssinian_24.jpg,0
Abyssinian_18.jpg,0
Abyssinian_102.jpg,0
Abyssinian_116.jpg,0
Abyssinian_128.jpg,0
Abyssinian_100.jpg,0
Abyssinian_114.jpg,0
Abyssinian_32.jpg,0
Abyssinian_26.jpg,0
Abyssinian_27.jpg,0
Abyssinian_33.jpg,0
Abyssinian_115.jpg,0
Abyssinian_101.jpg,0
Abyssinian_129.jpg,0
Abyssinian_210.jpg,0
Abyssinian_204.jpg,0
Abyssinian_9.jpg,0
Abyssinian_166.jpg,0
Abyssinian_172.jpg,0
Abyssinian_97.jpg,0
Abyssinian_83.jpg,0
Abyssinian_54.jpg,0
Abyssinian_40.jpg,0
Abyssinian_68.jpg,0
Abyssinian_69.jpg,0
Abyssinian_55.jpg,0
Abyssinian_82.jpg,0
Abyssinian_96.jpg,0
Abyssinian_173.jpg,0
Abyssinian_167.jpg,0
Abyssinian_8.jpg,0
Abyssinian_205.jpg,0
Abyssinian_207.jpg,0
Abyssinian_213.jpg,0
Abyssinian_165.jpg,0
Abyssinian_159.jpg,0
Abyssinian_80.jpg,0
Abyssinian_94.jpg,0
Abyssinian_43.jpg,0
Abyssinian_57.jpg,0
Abyssinian_56.jpg,0
Abyssinian_95.jpg,0
Abyssinian_81.jpg,0
Abyssinian_158.jpg,0
Abyssinian_164.jpg,0
Abyssinian_170.jpg,0
Abyssinian_212.jpg,0
Abyssinian_206.jpg,0
Abyssinian_202.jpg,0
Abyssinian_216.jpg,0
Abyssinian_148.jpg,0
Abyssinian_174.jpg,0
Abyssinian_160.jpg,0
Abyssinian_85.jpg,0
Abyssinian_91.jpg,0
Abyssinian_46.jpg,0
Abyssinian_52.jpg,0
Abyssinian_47.jpg,0
Abyssinian_90.jpg,0
Abyssinian_84.jpg,0
Abyssinian_161.jpg,0
Abyssinian_175.jpg,0
Abyssinian_149.jpg,0
Abyssinian_217.jpg,0
Abyssinian_215.jpg,0
Abyssinian_201.jpg,0
Abyssinian_177.jpg,0
Abyssinian_92.jpg,0
Abyssinian_86.jpg,0
Abyssinian_79.jpg,0
Abyssinian_51.jpg,0
Abyssinian_45.jpg,0
Abyssinian_44.jpg,0
Abyssinian_50.jpg,0
Abyssinian_78.jpg,0
Abyssinian_87.jpg,0
Abyssinian_93.jpg,0
Abyssinian_176.jpg,0
Abyssinian_228.jpg,0
Bengal_66.jpg,1
Bengal_72.jpg,1
Bengal_99.jpg,1
Bengal_114.jpg,1
Bengal_100.jpg,1
Bengal_128.jpg,1
Bengal_129.jpg,1
Bengal_101.jpg,1
Bengal_115.jpg,1
Bengal_98.jpg,1
Bengal_73.jpg,1
Bengal_67.jpg,1
Bengal_59.jpg,1
Bengal_71.jpg,1
Bengal_65.jpg,1
Bengal_103.jpg,1
Bengal_117.jpg,1
Bengal_116.jpg,1
Bengal_102.jpg,1
Bengal_64.jpg,1
Bengal_70.jpg,1
Bengal_58.jpg,1
Bengal_74.jpg,1
Bengal_60.jpg,1
Bengal_48.jpg,1
Bengal_106.jpg,1
Bengal_112.jpg,1
Bengal_113.jpg,1
Bengal_107.jpg,1
Bengal_49.jpg,1
Bengal_61.jpg,1
Bengal_75.jpg,1
Bengal_63.jpg,1
Bengal_77.jpg,1
Bengal_88.jpg,1
Bengal_139.jpg,1
Bengal_111.jpg,1
Bengal_105.jpg,1
Bengal_104.jpg,1
Bengal_110.jpg,1
Bengal_138.jpg,1
Bengal_89.jpg,1
Bengal_76.jpg,1
Bengal_62.jpg,1
Bengal_201.jpg,1
Bengal_39.jpg,1
Bengal_11.jpg,1
Bengal_188.jpg,1
Bengal_177.jpg,1
Bengal_163.jpg,1
Bengal_162.jpg,1
Bengal_176.jpg,1
Bengal_189.jpg,1
Bengal_10.jpg,1
Bengal_38.jpg,1
Bengal_200.jpg,1
Bengal_12.jpg,1
Bengal_8.jpg,1
Bengal_160.jpg,1
Bengal_174.jpg,1
Bengal_148.jpg,1
Bengal_149.jpg,1
Bengal_175.jpg,1
Bengal_161.jpg,1
Bengal_9.jpg,1
Bengal_13.jpg,1
Bengal_17.jpg,1
Bengal_159.jpg,1
Bengal_165.jpg,1
Bengal_171.jpg,1
Bengal_170.jpg,1
Bengal_164.jpg,1
Bengal_158.jpg,1
Bengal_16.jpg,1
Bengal_14.jpg,1
Bengal_28.jpg,1
Bengal_199.jpg,1
Bengal_172.jpg,1
Bengal_166.jpg,1
Bengal_167.jpg,1
Bengal_173.jpg,1
Bengal_198.jpg,1
Bengal_29.jpg,1
Bengal_15.jpg,1
Bengal_18.jpg,1
Bengal_2.jpg,1
Bengal_24.jpg,1
Bengal_30.jpg,1
Bengal_195.jpg,1
Bengal_156.jpg,1
Bengal_142.jpg,1
Bengal_143.jpg,1
Bengal_157.jpg,1
Bengal_180.jpg,1
Bengal_194.jpg,1
Bengal_31.jpg,1
Bengal_25.jpg,1
Bengal_19.jpg,1
Bengal_1.jpg,1
Bengal_33.jpg,1
Bengal_27.jpg,1
Bengal_182.jpg,1
Bengal_196.jpg,1
Bengal_141.jpg,1
Bengal_155.jpg,1
Bengal_169.jpg,1
Bengal_168.jpg,1
Bengal_154.jpg,1
Bengal_140.jpg,1
Bengal_197.jpg,1
Bengal_183.jpg,1
Bengal_26.jpg,1
Bengal_32.jpg,1
Bengal_36.jpg,1
Bengal_22.jpg,1
Bengal_4.jpg,1
Bengal_187.jpg,1
Bengal_193.jpg,1
Bengal_178.jpg,1
Bengal_144.jpg,1
Bengal_150.jpg,1
Bengal_151.jpg,1
Bengal_145.jpg,1
Bengal_179.jpg,1
Bengal_192.jpg,1
Bengal_186.jpg,1
Bengal_5.jpg,1
Bengal_23.jpg,1
Bengal_37.jpg,1
Bengal_21.jpg,1
Bengal_35.jpg,1
Bengal_7.jpg,1
Bengal_190.jpg,1
Bengal_184.jpg,1
Bengal_153.jpg,1
Bengal_147.jpg,1
Bengal_146.jpg,1
Bengal_152.jpg,1
Bengal_185.jpg,1
Bengal_191.jpg,1
Bengal_6.jpg,1
Bengal_34.jpg,1
Bengal_20.jpg,1
Bengal_47.jpg,1
Bengal_53.jpg,1
Bengal_84.jpg,1
Bengal_90.jpg,1
Bengal_135.jpg,1
Bengal_121.jpg,1
Bengal_109.jpg,1
Bengal_108.jpg,1
Bengal_120.jpg,1
Bengal_134.jpg,1
Bengal_91.jpg,1
Bengal_85.jpg,1
Bengal_52.jpg,1
Bengal_46.jpg,1
Bengal_78.jpg,1
Bengal_50.jpg,1
Bengal_44.jpg,1
Bengal_93.jpg,1
Bengal_87.jpg,1
Bengal_122.jpg,1
Bengal_136.jpg,1
Bengal_137.jpg,1
Bengal_123.jpg,1
Bengal_86.jpg,1
Bengal_92.jpg,1
Bengal_45.jpg,1
Bengal_51.jpg,1
Bengal_79.jpg,1
Bengal_55.jpg,1
Bengal_41.jpg,1
Bengal_69.jpg,1
Bengal_96.jpg,1
Bengal_82.jpg,1
Bengal_127.jpg,1
Bengal_133.jpg,1
Bengal_132.jpg,1
Bengal_126.jpg,1
Bengal_83.jpg,1
Bengal_97.jpg,1
Bengal_68.jpg,1
Bengal_40.jpg,1
Bengal_54.jpg,1
Bengal_42.jpg,1
Bengal_56.jpg,1
Bengal_81.jpg,1
Bengal_95.jpg,1
Bengal_118.jpg,1
Bengal_130.jpg,1
Bengal_124.jpg,1
Bengal_125.jpg,1
Bengal_131.jpg,1
Bengal_119.jpg,1
Bengal_94.jpg,1
Bengal_80.jpg,1
Bengal_57.jpg,1
Bengal_43.jpg,1
Birman_167.jpg,2
Birman_173.jpg,2
Birman_2.jpg,2
Birman_198.jpg,2
Birman_49.jpg,2
Birman_75.jpg,2
Birman_61.jpg,2
Birman_60.jpg,2
Birman_74.jpg,2
Birman_48.jpg,2
Birman_3.jpg,2
Birman_199.jpg,2
Birman_172.jpg,2
Birman_166.jpg,2
Birman_170.jpg,2
Birman_164.jpg,2
Birman_158.jpg,2
Birman_1.jpg,2
Birman_62.jpg,2
Birman_76.jpg,2
Birman_89.jpg,2
Birman_88.jpg,2
Birman_77.jpg,2
Birman_63.jpg,2
Birman_159.jpg,2
Birman_165.jpg,2
Birman_171.jpg,2
Birman_149.jpg,2
Birman_175.jpg,2
Birman_161.jpg,2
Birman_4.jpg,2
Birman_67.jpg,2
Birman_73.jpg,2
Birman_98.jpg,2
Birman_99.jpg,2
Birman_72.jpg,2
Birman_66.jpg,2
Birman_5.jpg,2
Birman_160.jpg,2
Birman_174.jpg,2
Birman_148.jpg,2
Birman_162.jpg,2
Birman_176.jpg,2
Birman_7.jpg,2
Birman_189.jpg,2
Birman_200.jpg,2
Birman_70.jpg,2
Birman_64.jpg,2
Birman_58.jpg,2
Birman_59.jpg,2
Birman_65.jpg,2
Birman_71.jpg,2
Birman_201.jpg,2
Birman_188.jpg,2
Birman_6.jpg,2
Birman_177.jpg,2
Birman_163.jpg,2
Birman_104.jpg,2
Birman_110.jpg,2
Birman_138.jpg,2
Birman_16.jpg,2
Birman_17.jpg,2
Birman_139.jpg,2
Birman_111.jpg,2
Birman_105.jpg,2
Birman_113.jpg,2
Birman_107.jpg,2
Birman_29.jpg,2
Birman_15.jpg,2
Birman_14.jpg,2
Birman_28.jpg,2
Birman_106.jpg,2
Birman_112.jpg,2
Birman_116.jpg,2
Birman_102.jpg,2
Birman_10.jpg,2
Birman_38.jpg,2
Birman_39.jpg,2
Birman_11.jpg,2
Birman_103.jpg,2
Birman_117.jpg,2
Birman_129.jpg,2
Birman_101.jpg,2
Birman_115.jpg,2
Birman_13.jpg,2
Birman_12.jpg,2
Birman_114.jpg,2
Birman_100.jpg,2
Birman_128.jpg,2
Birman_125.jpg,2
Birman_131.jpg,2
Birman_119.jpg,2
Birman_37.jpg,2
Birman_23.jpg,2
Birman_22.jpg,2
Birman_36.jpg,2
Birman_118.jpg,2
Birman_130.jpg,2
Birman_124.jpg,2
Birman_132.jpg,2
Birman_126.jpg,2
Birman_34.jpg,2
Birman_35.jpg,2
Birman_21.jpg,2
Birman_127.jpg,2
Birman_133.jpg,2
Birman_137.jpg,2
Birman_123.jpg,2
Birman_25.jpg,2
Birman_31.jpg,2
Birman_19.jpg,2
Birman_18.jpg,2
Birman_30.jpg,2
Birman_24.jpg,2
Birman_122.jpg,2
Birman_136.jpg,2
Birman_108.jpg,2
Birman_120.jpg,2
Birman_134.jpg,2
Birman_32.jpg,2
Birman_26.jpg,2
Birman_27.jpg,2
Birman_33.jpg,2
Birman_135.jpg,2
Birman_121.jpg,2
Birman_109.jpg,2
Birman_146.jpg,2
Birman_152.jpg,2
Birman_185.jpg,2
Birman_191.jpg,2
Birman_68.jpg,2
Birman_54.jpg,2
Birman_40.jpg,2
Birman_97.jpg,2
Birman_83.jpg,2
Birman_82.jpg,2
Birman_96.jpg,2
Birman_41.jpg,2
Birman_55.jpg,2
Birman_69.jpg,2
Birman_190.jpg,2
Birman_184.jpg,2
Birman_153.jpg,2
Birman_147.jpg,2
Birman_151.jpg,2
Birman_145.jpg,2
Birman_179.jpg,2
Birman_8.jpg,2
Birman_192.jpg,2
Birman_186.jpg,2
Birman_43.jpg,2
Birman_57.jpg,2
Birman_80.jpg,2
Birman_94.jpg,2
Birman_95.jpg,2
Birman_81.jpg,2
Birman_56.jpg,2
Birman_42.jpg,2
Birman_187.jpg,2
Birman_9.jpg,2
Birman_193.jpg,2
Birman_178.jpg,2
Birman_144.jpg,2
Birman_150.jpg,2
Birman_168.jpg,2
Birman_154.jpg,2
Birman_140.jpg,2
Birman_197.jpg,2
Birman_183.jpg,2
Birman_46.jpg,2
Birman_52.jpg,2
Birman_85.jpg,2
Birman_91.jpg,2
Birman_90.jpg,2
Birman_84.jpg,2
Birman_53.jpg,2
Birman_47.jpg,2
Birman_182.jpg,2
Birman_196.jpg,2
Birman_141.jpg,2
Birman_155.jpg,2
Birman_169.jpg,2
Birman_143.jpg,2
Birman_157.jpg,2
Birman_180.jpg,2
Birman_194.jpg,2
Birman_51.jpg,2
Birman_45.jpg,2
Birman_79.jpg,2
Birman_92.jpg,2
Birman_86.jpg,2
Birman_87.jpg,2
Birman_93.jpg,2
Birman_78.jpg,2
Birman_44.jpg,2
Birman_50.jpg,2
Birman_181.jpg,2
Birman_156.jpg,2
Birman_142.jpg,2
Bombay_213.jpg,3
Bombay_159.jpg,3
Bombay_171.jpg,3
Bombay_96.jpg,3
Bombay_82.jpg,3
Bombay_69.jpg,3
Bombay_55.jpg,3
Bombay_41.jpg,3
Bombay_40.jpg,3
Bombay_54.jpg,3
Bombay_68.jpg,3
Bombay_83.jpg,3
Bombay_97.jpg,3
Bombay_170.jpg,3
Bombay_164.jpg,3
Bombay_158.jpg,3
Bombay_206.jpg,3
Bombay_204.jpg,3
Bombay_210.jpg,3
Bombay_172.jpg,3
Bombay_166.jpg,3
Bombay_81.jpg,3
Bombay_95.jpg,3
Bombay_42.jpg,3
Bombay_56.jpg,3
Bombay_57.jpg,3
Bombay_43.jpg,3
Bombay_94.jpg,3
Bombay_80.jpg,3
Bombay_167.jpg,3
Bombay_173.jpg,3
Bombay_198.jpg,3
Bombay_205.jpg,3
Bombay_201.jpg,3
Bombay_215.jpg,3
Bombay_188.jpg,3
Bombay_177.jpg,3
Bombay_163.jpg,3
Bombay_84.jpg,3
Bombay_90.jpg,3
Bombay_47.jpg,3
Bombay_53.jpg,3
Bombay_52.jpg,3
Bombay_46.jpg,3
Bombay_91.jpg,3
Bombay_85.jpg,3
Bombay_162.jpg,3
Bombay_176.jpg,3
Bombay_189.jpg,3
Bombay_214.jpg,3
Bombay_200.jpg,3
Bombay_202.jpg,3
Bombay_160.jpg,3
Bombay_174.jpg,3
Bombay_148.jpg,3
Bombay_93.jpg,3
Bombay_87.jpg,3
Bombay_50.jpg,3
Bombay_78.jpg,3
Bombay_79.jpg,3
Bombay_45.jpg,3
Bombay_86.jpg,3
Bombay_92.jpg,3
Bombay_175.jpg,3
Bombay_161.jpg,3
Bombay_203.jpg,3
Bombay_217.jpg,3
Bombay_106.jpg,3
Bombay_112.jpg,3
Bombay_1.jpg,3
Bombay_36.jpg,3
Bombay_22.jpg,3
Bombay_23.jpg,3
Bombay_37.jpg,3
Bombay_113.jpg,3
Bombay_107.jpg,3
Bombay_139.jpg,3
Bombay_111.jpg,3
Bombay_105.jpg,3
Bombay_21.jpg,3
Bombay_34.jpg,3
Bombay_20.jpg,3
Bombay_3.jpg,3
Bombay_104.jpg,3
Bombay_110.jpg,3
Bombay_138.jpg,3
Bombay_114.jpg,3
Bombay_100.jpg,3
Bombay_128.jpg,3
Bombay_24.jpg,3
Bombay_30.jpg,3
Bombay_18.jpg,3
Bombay_7.jpg,3
Bombay_6.jpg,3
Bombay_19.jpg,3
Bombay_31.jpg,3
Bombay_25.jpg,3
Bombay_129.jpg,3
Bombay_101.jpg,3
Bombay_115.jpg,3
Bombay_103.jpg,3
Bombay_117.jpg,3
Bombay_33.jpg,3
Bombay_27.jpg,3
Bombay_4.jpg,3
Bombay_5.jpg,3
Bombay_26.jpg,3
Bombay_32.jpg,3
Bombay_116.jpg,3
Bombay_102.jpg,3
Bombay_127.jpg,3
Bombay_133.jpg,3
Bombay_8.jpg,3
Bombay_9.jpg,3
Bombay_16.jpg,3
Bombay_132.jpg,3
Bombay_126.jpg,3
Bombay_118.jpg,3
Bombay_130.jpg,3
Bombay_14.jpg,3
Bombay_15.jpg,3
Bombay_29.jpg,3
Bombay_125.jpg,3
Bombay_131.jpg,3
Bombay_119.jpg,3
Bombay_135.jpg,3
Bombay_121.jpg,3
Bombay_109.jpg,3
Bombay_11.jpg,3
Bombay_39.jpg,3
Bombay_38.jpg,3
Bombay_10.jpg,3
Bombay_108.jpg,3
Bombay_120.jpg,3
Bombay_134.jpg,3
Bombay_122.jpg,3
Bombay_136.jpg,3
Bombay_12.jpg,3
Bombay_13.jpg,3
Bombay_137.jpg,3
Bombay_123.jpg,3
Bombay_193.jpg,3
Bombay_178.jpg,3
Bombay_144.jpg,3
Bombay_150.jpg,3
Bombay_48.jpg,3
Bombay_74.jpg,3
Bombay_60.jpg,3
Bombay_61.jpg,3
Bombay_75.jpg,3
Bombay_49.jpg,3
Bombay_151.jpg,3
Bombay_145.jpg,3
Bombay_179.jpg,3
Bombay_192.jpg,3
Bombay_186.jpg,3
Bombay_190.jpg,3
Bombay_184.jpg,3
Bombay_153.jpg,3
Bombay_88.jpg,3
Bombay_63.jpg,3
Bombay_77.jpg,3
Bombay_76.jpg,3
Bombay_62.jpg,3
Bombay_89.jpg,3
Bombay_146.jpg,3
Bombay_152.jpg,3
Bombay_185.jpg,3
Bombay_191.jpg,3
Bombay_220.jpg,3
Bombay_208.jpg,3
Bombay_181.jpg,3
Bombay_156.jpg,3
Bombay_99.jpg,3
Bombay_66.jpg,3
Bombay_72.jpg,3
Bombay_73.jpg,3
Bombay_67.jpg,3
Bombay_98.jpg,3
Bombay_143.jpg,3
Bombay_157.jpg,3
Bombay_180.jpg,3
Bombay_194.jpg,3
Bombay_209.jpg,3
Bombay_221.jpg,3
Bombay_182.jpg,3
Bombay_141.jpg,3
Bombay_155.jpg,3
Bombay_169.jpg,3
Bombay_71.jpg,3
Bombay_65.jpg,3
Bombay_59.jpg,3
Bombay_58.jpg,3
Bombay_64.jpg,3
Bombay_70.jpg,3
Bombay_168.jpg,3
Bombay_154.jpg,3
Bombay_140.jpg,3
Bombay_183.jpg,3
British_Shorthair_38.jpg,4
British_Shorthair_10.jpg,4
British_Shorthair_148.jpg,4
British_Shorthair_174.jpg,4
British_Shorthair_160.jpg,4
British_Shorthair_161.jpg,4
British_Shorthair_175.jpg,4
British_Shorthair_149.jpg,4
British_Shorthair_203.jpg,4
British_Shorthair_39.jpg,4
British_Shorthair_201.jpg,4
British_Shorthair_163.jpg,4
British_Shorthair_177.jpg,4
British_Shorthair_188.jpg,4
British_Shorthair_189.jpg,4
British_Shorthair_176.jpg,4
British_Shorthair_162.jpg,4
British_Shorthair_200.jpg,4
British_Shorthair_16.jpg,4
British_Shorthair_210.jpg,4
British_Shorthair_204.jpg,4
British_Shorthair_166.jpg,4
British_Shorthair_172.jpg,4
British_Shorthair_199.jpg,4
British_Shorthair_198.jpg,4
British_Shorthair_173.jpg,4
British_Shorthair_167.jpg,4
British_Shorthair_239.jpg,4
British_Shorthair_205.jpg,4
British_Shorthair_17.jpg,4
British_Shorthair_15.jpg,4
British_Shorthair_29.jpg,4
British_Shorthair_207.jpg,4
British_Shorthair_213.jpg,4
British_Shorthair_165.jpg,4
British_Shorthair_159.jpg,4
British_Shorthair_158.jpg,4
British_Shorthair_164.jpg,4
British_Shorthair_170.jpg,4
British_Shorthair_212.jpg,4
British_Shorthair_28.jpg,4
British_Shorthair_98.jpg,4
British_Shorthair_67.jpg,4
British_Shorthair_275.jpg,4
British_Shorthair_117.jpg,4
British_Shorthair_103.jpg,4
British_Shorthair_102.jpg,4
British_Shorthair_116.jpg,4
British_Shorthair_274.jpg,4
British_Shorthair_248.jpg,4
British_Shorthair_66.jpg,4
British_Shorthair_72.jpg,4
British_Shorthair_99.jpg,4
British_Shorthair_58.jpg,4
British_Shorthair_64.jpg,4
British_Shorthair_70.jpg,4
British_Shorthair_276.jpg,4
British_Shorthair_128.jpg,4
British_Shorthair_100.jpg,4
British_Shorthair_114.jpg,4
British_Shorthair_115.jpg,4
British_Shorthair_101.jpg,4
British_Shorthair_129.jpg,4
British_Shorthair_263.jpg,4
British_Shorthair_277.jpg,4
British_Shorthair_71.jpg,4
British_Shorthair_65.jpg,4
British_Shorthair_59.jpg,4
British_Shorthair_61.jpg,4
British_Shorthair_75.jpg,4
British_Shorthair_49.jpg,4
British_Shorthair_273.jpg,4
British_Shorthair_267.jpg,4
British_Shorthair_105.jpg,4
British_Shorthair_111.jpg,4
British_Shorthair_139.jpg,4
British_Shorthair_110.jpg,4
British_Shorthair_104.jpg,4
British_Shorthair_266.jpg,4
British_Shorthair_272.jpg,4
British_Shorthair_48.jpg,4
British_Shorthair_74.jpg,4
British_Shorthair_60.jpg,4
British_Shorthair_89.jpg,4
British_Shorthair_62.jpg,4
British_Shorthair_270.jpg,4
British_Shorthair_258.jpg,4
British_Shorthair_9.jpg,4
British_Shorthair_112.jpg,4
British_Shorthair_106.jpg,4
British_Shorthair_107.jpg,4
British_Shorthair_113.jpg,4
British_Shorthair_8.jpg,4
British_Shorthair_271.jpg,4
British_Shorthair_265.jpg,4
British_Shorthair_63.jpg,4
British_Shorthair_77.jpg,4
British_Shorthair_88.jpg,4
British_Shorthair_91.jpg,4
British_Shorthair_85.jpg,4
British_Shorthair_52.jpg,4
British_Shorthair_46.jpg,4
British_Shorthair_268.jpg,4
British_Shorthair_136.jpg,4
British_Shorthair_122.jpg,4
British_Shorthair_123.jpg,4
British_Shorthair_137.jpg,4
British_Shorthair_241.jpg,4
British_Shorthair_269.jpg,4
British_Shorthair_47.jpg,4
British_Shorthair_53.jpg,4
British_Shorthair_84.jpg,4
British_Shorthair_90.jpg,4
British_Shorthair_86.jpg,4
British_Shorthair_92.jpg,4
British_Shorthair_79.jpg,4
British_Shorthair_45.jpg,4
British_Shorthair_51.jpg,4
British_Shorthair_109.jpg,4
British_Shorthair_121.jpg,4
British_Shorthair_135.jpg,4
British_Shorthair_134.jpg,4
British_Shorthair_120.jpg,4
British_Shorthair_108.jpg,4
British_Shorthair_50.jpg,4
British_Shorthair_44.jpg,4
British_Shorthair_78.jpg,4
British_Shorthair_93.jpg,4
British_Shorthair_87.jpg,4
British_Shorthair_83.jpg,4
British_Shorthair_97.jpg,4
British_Shorthair_40.jpg,4
British_Shorthair_54.jpg,4
British_Shorthair_68.jpg,4
British_Shorthair_3.jpg,4
British_Shorthair_124.jpg,4
British_Shorthair_130.jpg,4
British_Shorthair_118.jpg,4
British_Shorthair_119.jpg,4
British_Shorthair_125.jpg,4
British_Shorthair_2.jpg,4
British_Shorthair_55.jpg,4
British_Shorthair_41.jpg,4
British_Shorthair_96.jpg,4
British_Shorthair_82.jpg,4
British_Shorthair_94.jpg,4
British_Shorthair_57.jpg,4
British_Shorthair_43.jpg,4
British_Shorthair_133.jpg,4
British_Shorthair_127.jpg,4
British_Shorthair_126.jpg,4
British_Shorthair_278.jpg,4
British_Shorthair_42.jpg,4
British_Shorthair_56.jpg,4
British_Shorthair_95.jpg,4
British_Shorthair_31.jpg,4
British_Shorthair_25.jpg,4
British_Shorthair_223.jpg,4
British_Shorthair_169.jpg,4
British_Shorthair_155.jpg,4
British_Shorthair_141.jpg,4
British_Shorthair_196.jpg,4
British_Shorthair_182.jpg,4
British_Shorthair_183.jpg,4
British_Shorthair_197.jpg,4
British_Shorthair_140.jpg,4
British_Shorthair_154.jpg,4
British_Shorthair_168.jpg,4
British_Shorthair_30.jpg,4
British_Shorthair_18.jpg,4
British_Shorthair_26.jpg,4
British_Shorthair_32.jpg,4
British_Shorthair_156.jpg,4
British_Shorthair_181.jpg,4
British_Shorthair_195.jpg,4
British_Shorthair_180.jpg,4
British_Shorthair_157.jpg,4
British_Shorthair_209.jpg,4
British_Shorthair_33.jpg,4
British_Shorthair_27.jpg,4
British_Shorthair_37.jpg,4
British_Shorthair_153.jpg,4
British_Shorthair_184.jpg,4
British_Shorthair_190.jpg,4
British_Shorthair_185.jpg,4
British_Shorthair_218.jpg,4
British_Shorthair_230.jpg,4
British_Shorthair_36.jpg,4
British_Shorthair_22.jpg,4
British_Shorthair_34.jpg,4
British_Shorthair_144.jpg,4
British_Shorthair_178.jpg,4
British_Shorthair_193.jpg,4
British_Shorthair_187.jpg,4
British_Shorthair_186.jpg,4
British_Shorthair_179.jpg,4
British_Shorthair_145.jpg,4
British_Shorthair_151.jpg,4
British_Shorthair_21.jpg,4
Maine_Coon_38.jpg,5
Maine_Coon_10.jpg,5
Maine_Coon_249.jpg,5
Maine_Coon_103.jpg,5
Maine_Coon_117.jpg,5
Maine_Coon_116.jpg,5
Maine_Coon_102.jpg,5
Maine_Coon_39.jpg,5
Maine_Coon_13.jpg,5
Maine_Coon_262.jpg,5
Maine_Coon_100.jpg,5
Maine_Coon_128.jpg,5
Maine_Coon_129.jpg,5
Maine_Coon_101.jpg,5
Maine_Coon_115.jpg,5
Maine_Coon_263.jpg,5
Maine_Coon_16.jpg,5
Maine_Coon_267.jpg,5
Maine_Coon_139.jpg,5
Maine_Coon_111.jpg,5
Maine_Coon_105.jpg,5
Maine_Coon_104.jpg,5
Maine_Coon_110.jpg,5
Maine_Coon_138.jpg,5
Maine_Coon_272.jpg,5
Maine_Coon_266.jpg,5
Maine_Coon_17.jpg,5
Maine_Coon_29.jpg,5
Maine_Coon_270.jpg,5
Maine_Coon_264.jpg,5
Maine_Coon_106.jpg,5
Maine_Coon_8.jpg,5
Maine_Coon_112.jpg,5
Maine_Coon_107.jpg,5
Maine_Coon_9.jpg,5
Maine_Coon_265.jpg,5
Maine_Coon_271.jpg,5
Maine_Coon_28.jpg,5
Maine_Coon_14.jpg,5
Maine_Coon_67.jpg,5
Maine_Coon_98.jpg,5
Maine_Coon_160.jpg,5
Maine_Coon_174.jpg,5
Maine_Coon_148.jpg,5
Maine_Coon_149.jpg,5
Maine_Coon_175.jpg,5
Maine_Coon_161.jpg,5
Maine_Coon_99.jpg,5
Maine_Coon_203.jpg,5
Maine_Coon_217.jpg,5
Maine_Coon_66.jpg,5
Maine_Coon_72.jpg,5
Maine_Coon_58.jpg,5
Maine_Coon_64.jpg,5
Maine_Coon_70.jpg,5
Maine_Coon_201.jpg,5
Maine_Coon_163.jpg,5
Maine_Coon_162.jpg,5
Maine_Coon_176.jpg,5
Maine_Coon_189.jpg,5
Maine_Coon_214.jpg,5
Maine_Coon_71.jpg,5
Maine_Coon_61.jpg,5
Maine_Coon_75.jpg,5
Maine_Coon_49.jpg,5
Maine_Coon_238.jpg,5
Maine_Coon_204.jpg,5
Maine_Coon_210.jpg,5
Maine_Coon_167.jpg,5
Maine_Coon_173.jpg,5
Maine_Coon_211.jpg,5
Maine_Coon_205.jpg,5
Maine_Coon_239.jpg,5
Maine_Coon_48.jpg,5
Maine_Coon_60.jpg,5
Maine_Coon_76.jpg,5
Maine_Coon_89.jpg,5
Maine_Coon_213.jpg,5
Maine_Coon_207.jpg,5
Maine_Coon_159.jpg,5
Maine_Coon_171.jpg,5
Maine_Coon_170.jpg,5
Maine_Coon_164.jpg,5
Maine_Coon_158.jpg,5
Maine_Coon_206.jpg,5
Maine_Coon_63.jpg,5
Maine_Coon_77.jpg,5
Maine_Coon_52.jpg,5
Maine_Coon_46.jpg,5
Maine_Coon_91.jpg,5
Maine_Coon_85.jpg,5
Maine_Coon_182.jpg,5
Maine_Coon_196.jpg,5
Maine_Coon_141.jpg,5
Maine_Coon_155.jpg,5
Maine_Coon_169.jpg,5
Maine_Coon_168.jpg,5
Maine_Coon_154.jpg,5
Maine_Coon_140.jpg,5
Maine_Coon_197.jpg,5
Maine_Coon_84.jpg,5
Maine_Coon_222.jpg,5
Maine_Coon_47.jpg,5
Maine_Coon_53.jpg,5
Maine_Coon_79.jpg,5
Maine_Coon_51.jpg,5
Maine_Coon_208.jpg,5
Maine_Coon_92.jpg,5
Maine_Coon_195.jpg,5
Maine_Coon_142.jpg,5
Maine_Coon_143.jpg,5
Maine_Coon_157.jpg,5
Maine_Coon_180.jpg,5
Maine_Coon_194.jpg,5
Maine_Coon_93.jpg,5
Maine_Coon_87.jpg,5
Maine_Coon_50.jpg,5
Maine_Coon_44.jpg,5
Maine_Coon_78.jpg,5
Maine_Coon_54.jpg,5
Maine_Coon_68.jpg,5
Maine_Coon_83.jpg,5
Maine_Coon_219.jpg,5
Maine_Coon_97.jpg,5
Maine_Coon_231.jpg,5
Maine_Coon_184.jpg,5
Maine_Coon_153.jpg,5
Maine_Coon_147.jpg,5
Maine_Coon_146.jpg,5
Maine_Coon_152.jpg,5
Maine_Coon_191.jpg,5
Maine_Coon_96.jpg,5
Maine_Coon_82.jpg,5
Maine_Coon_69.jpg,5
Maine_Coon_55.jpg,5
Maine_Coon_41.jpg,5
Maine_Coon_57.jpg,5
Maine_Coon_43.jpg,5
Maine_Coon_94.jpg,5
Maine_Coon_80.jpg,5
Maine_Coon_187.jpg,5
Maine_Coon_193.jpg,5
Maine_Coon_144.jpg,5
Maine_Coon_150.jpg,5
Maine_Coon_151.jpg,5
Maine_Coon_145.jpg,5
Maine_Coon_192.jpg,5
Maine_Coon_186.jpg,5
Maine_Coon_227.jpg,5
Maine_Coon_81.jpg,5
Maine_Coon_95.jpg,5
Maine_Coon_42.jpg,5
Maine_Coon_56.jpg,5
Maine_Coon_19.jpg,5
Maine_Coon_31.jpg,5
Maine_Coon_25.jpg,5
Maine_Coon_254.jpg,5
Maine_Coon_268.jpg,5
Maine_Coon_136.jpg,5
Maine_Coon_5.jpg,5
Maine_Coon_137.jpg,5
Maine_Coon_123.jpg,5
Maine_Coon_269.jpg,5
Maine_Coon_241.jpg,5
Maine_Coon_24.jpg,5
Maine_Coon_30.jpg,5
Maine_Coon_18.jpg,5
Maine_Coon_26.jpg,5
Maine_Coon_135.jpg,5
Maine_Coon_121.jpg,5
Maine_Coon_7.jpg,5
Maine_Coon_109.jpg,5
Maine_Coon_6.jpg,5
Maine_Coon_108.jpg,5
Maine_Coon_134.jpg,5
Maine_Coon_242.jpg,5
Maine_Coon_33.jpg,5
Maine_Coon_27.jpg,5
Maine_Coon_23.jpg,5
Maine_Coon_37.jpg,5
Maine_Coon_246.jpg,5
Maine_Coon_2.jpg,5
Maine_Coon_124.jpg,5
Maine_Coon_131.jpg,5
Maine_Coon_119.jpg,5
Maine_Coon_3.jpg,5
Maine_Coon_253.jpg,5
Maine_Coon_247.jpg,5
Maine_Coon_36.jpg,5
Maine_Coon_34.jpg,5
Maine_Coon_245.jpg,5
Maine_Coon_1.jpg,5
Maine_Coon_127.jpg,5
Maine_Coon_133.jpg,5
Maine_Coon_132.jpg,5
Maine_Coon_126.jpg,5
Maine_Coon_244.jpg,5
Maine_Coon_21.jpg,5
Maine_Coon_35.jpg,5
Ragdoll_189.jpg,6
Ragdoll_162.jpg,6
Ragdoll_176.jpg,6
Ragdoll_25.jpg,6
Ragdoll_31.jpg,6
Ragdoll_228.jpg,6
Ragdoll_4.jpg,6
Ragdoll_201.jpg,6
Ragdoll_5.jpg,6
Ragdoll_30.jpg,6
Ragdoll_24.jpg,6
Ragdoll_18.jpg,6
Ragdoll_177.jpg,6
Ragdoll_163.jpg,6
Ragdoll_188.jpg,6
Ragdoll_149.jpg,6
Ragdoll_175.jpg,6
Ragdoll_161.jpg,6
Ragdoll_32.jpg,6
Ragdoll_26.jpg,6
Ragdoll_203.jpg,6
Ragdoll_7.jpg,6
Ragdoll_6.jpg,6
Ragdoll_202.jpg,6
Ragdoll_27.jpg,6
Ragdoll_33.jpg,6
Ragdoll_160.jpg,6
Ragdoll_174.jpg,6
Ragdoll_148.jpg,6
Ragdoll_170.jpg,6
Ragdoll_164.jpg,6
Ragdoll_158.jpg,6
Ragdoll_37.jpg,6
Ragdoll_2.jpg,6
Ragdoll_3.jpg,6
Ragdoll_36.jpg,6
Ragdoll_159.jpg,6
Ragdoll_165.jpg,6
Ragdoll_171.jpg,6
Ragdoll_198.jpg,6
Ragdoll_173.jpg,6
Ragdoll_20.jpg,6
Ragdoll_34.jpg,6
Ragdoll_205.jpg,6
Ragdoll_204.jpg,6
Ragdoll_210.jpg,6
Ragdoll_35.jpg,6
Ragdoll_172.jpg,6
Ragdoll_166.jpg,6
Ragdoll_199.jpg,6
Ragdoll_129.jpg,6
Ragdoll_101.jpg,6
Ragdoll_115.jpg,6
Ragdoll_52.jpg,6
Ragdoll_85.jpg,6
Ragdoll_91.jpg,6
Ragdoll_263.jpg,6
Ragdoll_90.jpg,6
Ragdoll_262.jpg,6
Ragdoll_84.jpg,6
Ragdoll_53.jpg,6
Ragdoll_47.jpg,6
Ragdoll_114.jpg,6
Ragdoll_100.jpg,6
Ragdoll_128.jpg,6
Ragdoll_116.jpg,6
Ragdoll_79.jpg,6
Ragdoll_51.jpg,6
Ragdoll_45.jpg,6
Ragdoll_260.jpg,6
Ragdoll_92.jpg,6
Ragdoll_86.jpg,6
Ragdoll_87.jpg,6
Ragdoll_261.jpg,6
Ragdoll_93.jpg,6
Ragdoll_44.jpg,6
Ragdoll_78.jpg,6
Ragdoll_103.jpg,6
Ragdoll_117.jpg,6
Ragdoll_113.jpg,6
Ragdoll_107.jpg,6
Ragdoll_54.jpg,6
Ragdoll_40.jpg,6
Ragdoll_68.jpg,6
Ragdoll_97.jpg,6
Ragdoll_265.jpg,6
Ragdoll_83.jpg,6
Ragdoll_259.jpg,6
Ragdoll_258.jpg,6
Ragdoll_82.jpg,6
Ragdoll_96.jpg,6
Ragdoll_264.jpg,6
Ragdoll_69.jpg,6
Ragdoll_41.jpg,6
Ragdoll_106.jpg,6
Ragdoll_112.jpg,6
Ragdoll_104.jpg,6
Ragdoll_110.jpg,6
Ragdoll_138.jpg,6
Ragdoll_43.jpg,6
Ragdoll_57.jpg,6
Ragdoll_80.jpg,6
Ragdoll_94.jpg,6
Ragdoll_95.jpg,6
Ragdoll_81.jpg,6
Ragdoll_56.jpg,6
Ragdoll_42.jpg,6
Ragdoll_139.jpg,6
Ragdoll_111.jpg,6
Ragdoll_105.jpg,6
Ragdoll_134.jpg,6
Ragdoll_67.jpg,6
Ragdoll_73.jpg,6
Ragdoll_98.jpg,6
Ragdoll_257.jpg,6
Ragdoll_99.jpg,6
Ragdoll_72.jpg,6
Ragdoll_135.jpg,6
Ragdoll_121.jpg,6
Ragdoll_137.jpg,6
Ragdoll_58.jpg,6
Ragdoll_64.jpg,6
Ragdoll_255.jpg,6
Ragdoll_254.jpg,6
Ragdoll_71.jpg,6
Ragdoll_59.jpg,6
Ragdoll_122.jpg,6
Ragdoll_136.jpg,6
Ragdoll_132.jpg,6
Ragdoll_126.jpg,6
Ragdoll_75.jpg,6
Ragdoll_49.jpg,6
Ragdoll_250.jpg,6
Ragdoll_245.jpg,6
Ragdoll_48.jpg,6
Ragdoll_60.jpg,6
Ragdoll_74.jpg,6
Ragdoll_127.jpg,6
Ragdoll_133.jpg,6
Ragdoll_125.jpg,6
Ragdoll_131.jpg,6
Ragdoll_119.jpg,6
Ragdoll_62.jpg,6
Ragdoll_76.jpg,6
Ragdoll_89.jpg,6
Ragdoll_88.jpg,6
Ragdoll_252.jpg,6
Ragdoll_77.jpg,6
Ragdoll_63.jpg,6
Ragdoll_118.jpg,6
Ragdoll_130.jpg,6
Ragdoll_124.jpg,6
Ragdoll_180.jpg,6
Ragdoll_194.jpg,6
Ragdoll_143.jpg,6
Ragdoll_10.jpg,6
Ragdoll_235.jpg,6
Ragdoll_234.jpg,6
Ragdoll_208.jpg,6
Ragdoll_156.jpg,6
Ragdoll_142.jpg,6
Ragdoll_195.jpg,6
Ragdoll_181.jpg,6
Ragdoll_197.jpg,6
Ragdoll_183.jpg,6
Ragdoll_168.jpg,6
Ragdoll_154.jpg,6
Ragdoll_140.jpg,6
Ragdoll_13.jpg,6
Ragdoll_12.jpg,6
Ragdoll_141.jpg,6
Ragdoll_155.jpg,6
Ragdoll_169.jpg,6
Ragdoll_182.jpg,6
Ragdoll_196.jpg,6
Ragdoll_192.jpg,6
Ragdoll_186.jpg,6
Ragdoll_151.jpg,6
Ragdoll_145.jpg,6
Ragdoll_179.jpg,6
Ragdoll_16.jpg,6
Ragdoll_227.jpg,6
Ragdoll_178.jpg,6
Ragdoll_150.jpg,6
Ragdoll_187.jpg,6
Ragdoll_193.jpg,6
Ragdoll_185.jpg,6
Ragdoll_191.jpg,6
Ragdoll_146.jpg,6
Ragdoll_152.jpg,6
Ragdoll_29.jpg,6
Ragdoll_224.jpg,6
Ragdoll_8.jpg,6
Ragdoll_9.jpg,6
Ragdoll_219.jpg,6
Ragdoll_153.jpg,6
Ragdoll_147.jpg,6
Ragdoll_190.jpg,6
Ragdoll_184.jpg,6
Sphynx_241.jpg,7
Sphynx_8.jpg,7
Sphynx_137.jpg,7
Sphynx_25.jpg,7
Sphynx_31.jpg,7
Sphynx_19.jpg,7
Sphynx_18.jpg,7
Sphynx_30.jpg,7
Sphynx_24.jpg,7
Sphynx_122.jpg,7
Sphynx_136.jpg,7
Sphynx_9.jpg,7
Sphynx_240.jpg,7
Sphynx_242.jpg,7
Sphynx_134.jpg,7
Sphynx_108.jpg,7
Sphynx_27.jpg,7
Sphynx_33.jpg,7
Sphynx_121.jpg,7
Sphynx_243.jpg,7
Sphynx_247.jpg,7
Sphynx_119.jpg,7
Sphynx_125.jpg,7
Sphynx_131.jpg,7
Sphynx_37.jpg,7
Sphynx_23.jpg,7
Sphynx_36.jpg,7
Sphynx_130.jpg,7
Sphynx_124.jpg,7
Sphynx_246.jpg,7
Sphynx_252.jpg,7
Sphynx_244.jpg,7
Sphynx_250.jpg,7
Sphynx_132.jpg,7
Sphynx_126.jpg,7
Sphynx_20.jpg,7
Sphynx_34.jpg,7
Sphynx_21.jpg,7
Sphynx_127.jpg,7
Sphynx_133.jpg,7
Sphynx_251.jpg,7
Sphynx_245.jpg,7
Sphynx_222.jpg,7
Sphynx_236.jpg,7
Sphynx_197.jpg,7
Sphynx_183.jpg,7
Sphynx_168.jpg,7
Sphynx_85.jpg,7
Sphynx_91.jpg,7
Sphynx_46.jpg,7
Sphynx_53.jpg,7
Sphynx_47.jpg,7
Sphynx_90.jpg,7
Sphynx_84.jpg,7
Sphynx_169.jpg,7
Sphynx_141.jpg,7
Sphynx_155.jpg,7
Sphynx_182.jpg,7
Sphynx_196.jpg,7
Sphynx_237.jpg,7
Sphynx_223.jpg,7
Sphynx_235.jpg,7
Sphynx_180.jpg,7
Sphynx_194.jpg,7
Sphynx_143.jpg,7
Sphynx_157.jpg,7
Sphynx_92.jpg,7
Sphynx_51.jpg,7
Sphynx_45.jpg,7
Sphynx_78.jpg,7
Sphynx_44.jpg,7
Sphynx_87.jpg,7
Sphynx_93.jpg,7
Sphynx_156.jpg,7
Sphynx_142.jpg,7
Sphynx_195.jpg,7
Sphynx_181.jpg,7
Sphynx_234.jpg,7
Sphynx_230.jpg,7
Sphynx_185.jpg,7
Sphynx_191.jpg,7
Sphynx_146.jpg,7
Sphynx_152.jpg,7
Sphynx_83.jpg,7
Sphynx_54.jpg,7
Sphynx_40.jpg,7
Sphynx_41.jpg,7
Sphynx_55.jpg,7
Sphynx_82.jpg,7
Sphynx_96.jpg,7
Sphynx_153.jpg,7
Sphynx_190.jpg,7
Sphynx_184.jpg,7
Sphynx_231.jpg,7
Sphynx_233.jpg,7
Sphynx_192.jpg,7
Sphynx_186.jpg,7
Sphynx_179.jpg,7
Sphynx_151.jpg,7
Sphynx_145.jpg,7
Sphynx_80.jpg,7
Sphynx_94.jpg,7
Sphynx_43.jpg,7
Sphynx_57.jpg,7
Sphynx_56.jpg,7
Sphynx_42.jpg,7
Sphynx_95.jpg,7
Sphynx_144.jpg,7
Sphynx_150.jpg,7
Sphynx_178.jpg,7
Sphynx_187.jpg,7
Sphynx_193.jpg,7
Sphynx_232.jpg,7
Sphynx_203.jpg,7
Sphynx_175.jpg,7
Sphynx_98.jpg,7
Sphynx_67.jpg,7
Sphynx_73.jpg,7
Sphynx_72.jpg,7
Sphynx_66.jpg,7
Sphynx_99.jpg,7
Sphynx_148.jpg,7
Sphynx_160.jpg,7
Sphynx_174.jpg,7
Sphynx_202.jpg,7
Sphynx_200.jpg,7
Sphynx_228.jpg,7
Sphynx_189.jpg,7
Sphynx_162.jpg,7
Sphynx_176.jpg,7
Sphynx_70.jpg,7
Sphynx_58.jpg,7
Sphynx_59.jpg,7
Sphynx_65.jpg,7
Sphynx_71.jpg,7
Sphynx_177.jpg,7
Sphynx_188.jpg,7
Sphynx_229.jpg,7
Sphynx_201.jpg,7
Sphynx_239.jpg,7
Sphynx_211.jpg,7
Sphynx_205.jpg,7
Sphynx_198.jpg,7
Sphynx_167.jpg,7
Sphynx_173.jpg,7
Sphynx_49.jpg,7
Sphynx_75.jpg,7
Sphynx_61.jpg,7
Sphynx_74.jpg,7
Sphynx_48.jpg,7
Sphynx_172.jpg,7
Sphynx_166.jpg,7
Sphynx_199.jpg,7
Sphynx_204.jpg,7
Sphynx_238.jpg,7
Sphynx_206.jpg,7
Sphynx_212.jpg,7
Sphynx_158.jpg,7
Sphynx_170.jpg,7
Sphynx_164.jpg,7
Sphynx_89.jpg,7
Sphynx_76.jpg,7
Sphynx_77.jpg,7
Sphynx_88.jpg,7
Sphynx_165.jpg,7
Sphynx_171.jpg,7
Sphynx_159.jpg,7
Sphynx_213.jpg,7
Sphynx_248.jpg,7
Sphynx_1.jpg,7
Sphynx_116.jpg,7
Sphynx_102.jpg,7
Sphynx_38.jpg,7
Sphynx_39.jpg,7
Sphynx_11.jpg,7
Sphynx_103.jpg,7
Sphynx_117.jpg,7
Sphynx_249.jpg,7
Sphynx_2.jpg,7
Sphynx_115.jpg,7
Sphynx_129.jpg,7
Sphynx_12.jpg,7
Sphynx_128.jpg,7
Sphynx_114.jpg,7
Sphynx_3.jpg,7
Sphynx_138.jpg,7
Sphynx_104.jpg,7
Sphynx_110.jpg,7
Sphynx_17.jpg,7
Sphynx_111.jpg,7
Sphynx_105.jpg,7
Sphynx_139.jpg,7
Sphynx_4.jpg,7
Sphynx_107.jpg,7
Sphynx_29.jpg,7
Sphynx_15.jpg,7
Sphynx_14.jpg,7
Sphynx_112.jpg,7
Sphynx_5.jpg,7
484325138348673.jpg,8
081981550404101.jpg,8
191557049291534.jpg,8
029195472481284.jpg,8
271343648045118.jpg,8
378788197938913.jpg,8
105565969721727.jpg,8
405749971537795.jpg,8
327497787688045.jpg,8
363266823262363.jpg,8
115862704496308.jpg,8
120382417272216.jpg,8
398035693741633.jpg,8
95396015362141.jpg,8
44085244758601.jpg,8
95383310773188.jpg,8
233378952354917.jpg,8
10000983013998.jpg,8
258541571690226.jpg,8
094123193686799.jpg,8
244093588325259.jpg,8
426467474587632.jpg,8
234905103657211.jpg,8
448247172684635.jpg,8
68197169184332.jpg,8
174291948652329.jpg,8
123640661416453.jpg,8
28504416517186.jpg,8
319878607805885.jpg,8
62702309070994.jpg,8
076424388709015.jpg,8
321200888923159.jpg,8
090963448330307.jpg,8
316590338656788.jpg,8
014917608962842.jpg,8
318680471574793.jpg,8
106651616285353.jpg,8
66514166898597.jpg,8
003190214223246.jpg,8
318085116626184.jpg,8
380722679574783.jpg,8
376928143282129.jpg,8
393350717407113.jpg,8
376285694596657.jpg,8
062664904482096.jpg,8
0131758549962477.jpg,8
59874820903452.jpg,8
383037171385677.jpg,8
91821106223706.jpg,8
41132205461221.jpg,8
173095004032085.jpg,8
421178680971198.jpg,8
42727373676794.jpg,8
313451692260966.jpg,8
88931266621793.jpg,8
64543008550025.jpg,8
116425124858487.jpg,8
93710103254366.jpg,8
014194862032128.jpg,8
138515205237956.jpg,8
459875150834449.jpg,8
201997705103301.jpg,8
160259506977231.jpg,8
286188001824045.jpg,8
084536377529493.jpg,8
314234372624512.jpg,8
55839504016072.jpg,8
20152592066218.jpg,8
159636746850051.jpg,8
078769747618605.jpg,8
412840348843187.jpg,8
167318668694893.jpg,8
74139015259734.jpg,8
121807286311524.jpg,8
35528235613287.jpg,8
103979309740551.jpg,8
0008703179280518.jpg,8
438171920375804.jpg,8
184564540196138.jpg,8
005514877031089.jpg,8
2903297348383.jpg,8
349655582541124.jpg,8
105812029082696.jpg,8
051102197663098.jpg,8
368789373911093.jpg,8
062969148050322.jpg,8
419812383495957.jpg,8
6010362818735.jpg,8
022105382818396.jpg,8
291621015762721.jpg,8
203373697458578.jpg,8
384269299856858.jpg,8
447471919527489.jpg,8
28403623322475.jpg,8
041468049786809.jpg,8
09806107486933.jpg,8
374419181707003.jpg,8
36384041812535.jpg,8
108134752676261.jpg,8
052665688014565.jpg,8
313623178048301.jpg,8
384756435678849.jpg,8
151208190486832.jpg,8
220509622883626.jpg,8
53305236458076.jpg,8
0310644848480686.jpg,8
52542528016694.jpg,8
74121332528029.jpg,8
428311148034888.jpg,8
297955396170556.jpg,8
176086705897572.jpg,8
172277158559123.jpg,8
0008664725585992.jpg,8
6315315545753.jpg,8
312658792413854.jpg,8
348040900675978.jpg,8
090385923201474.jpg,8
4196999211144.jpg,8
207970338414815.jpg,8
388413564886158.jpg,8
0144672288907.jpg,8
11033408989294.jpg,8
081338370112639.jpg,8
024166659711849.jpg,8
123879224648365.jpg,8
88229083981263.jpg,8
451919044764121.jpg,8
59517748369041.jpg,8
51723387225302.jpg,8
449766076744305.jpg,8
104921941778064.jpg,8
19531440627186.jpg,8
156327407296785.jpg,8
385081497440967.jpg,8
105805849364446.jpg,8
157144766399268.jpg,8
58041725319982.jpg,8
0072410106574112.jpg,8
055523174230788.jpg,8
60949688450753.jpg,8
379341006629986.jpg,8
228291915070663.jpg,8
165196992734276.jpg,8
0219860837276806.jpg,8
031425641357421.jpg,8
106081542745654.jpg,8
243296509414178.jpg,8
022480571099112.jpg,8
264258606342449.jpg,8
089513827439175.jpg,8
69872815204365.jpg,8
0091467854358713.jpg,8
070614302502828.jpg,8
072347356521216.jpg,8
33711254348962.jpg,8
274938543390103.jpg,8
040313575601615.jpg,8
092187509843053.jpg,8
162689498464641.jpg,8
33686943942541.jpg,8
058502733646963.jpg,8
67859101597014.jpg,8
136677165920751.jpg,8
355459386596984.jpg,8
104351094322998.jpg,8
354237408983916.jpg,8
39514863160551.jpg,8
065310750037126.jpg,8
29856648831511.jpg,8
289980602203914.jpg,8
339252300110546.jpg,8
319157300204954.jpg,8
246752218939898.jpg,8
120893098662508.jpg,8
186353039085117.jpg,8
448373816763974.jpg,8
3900014091538.jpg,8
64133999557788.jpg,8
382323954667643.jpg,8
036578070976088.jpg,8
12865196705575.jpg,8
366864157089327.jpg,8
381717182243232.jpg,8
96062971252246.jpg,8
339414682342403.jpg,8
90321669124001.jpg,8
169511821001276.jpg,8
8742400264661.jpg,8
020100408616143.jpg,8
275383857792431.jpg,8
60666628394289.jpg,8
108477192897118.jpg,8
182110875000342.jpg,8
350610472636633.jpg,8
426381794503108.jpg,8
189580841312482.jpg,8
151848407611678.jpg,8
096748763556425.jpg,8
012150088610382.jpg,8
2340089823721747.jpg,9
020761127750241.jpg,9
4765071230265097.jpg,9
842109316473705.jpg,9
323131840138484.jpg,9
941763465283817.jpg,9
459256226261267.jpg,9
44240544078657074.jpg,9
417839788297885.jpg,9
5536881602872701.jpg,9
64533050115669.jpg,9
6191963480113936.jpg,9
71628174177429.jpg,9
8984551338505227.jpg,9
0712632887594242.jpg,9
182968748360367.jpg,9
358696402885147.jpg,9
302997539799397.jpg,9
1606426119137723.jpg,9
383546383946809.jpg,9
805031912056671.jpg,9
110879138737883.jpg,9
3829931246263416.jpg,9
2734239689210083.jpg,9
242400998752828.jpg,9
342618632070518.jpg,9
5406412941273353.jpg,9
671818931295866.jpg,9
090154389709414.jpg,9
428378362463922.jpg,9
226875620508011.jpg,9
969780349616588.jpg,9
407172789294054.jpg,9
481264671877454.jpg,9
36765402820508.jpg,9
801313502088964.jpg,9
0416231077569413.jpg,9
529137021793196.jpg,9
848941995110499.jpg,9
419688936148296.jpg,9
536744923942855.jpg,9
955204124026662.jpg,9
558672307378615.jpg,9
69059099338816.jpg,9
69728910975412.jpg,9
351947332975504.jpg,9
69724049480379.jpg,9
082453185516853.jpg,9
872391026042094.jpg,9
384651880210822.jpg,9
9703303468388667.jpg,9
1471905888999887.jpg,9
061112924371072.jpg,9
01230808074559997.jpg,9
756604483204796.jpg,9
192710597696195.jpg,9
2779192088228073.jpg,9
086801535234537.jpg,9
822189580366473.jpg,9
3499331273505886.jpg,9
2991913224708.jpg,9
845231264662687.jpg,9
615909821550728.jpg,9
660539242041163.jpg,9
72616525069456.jpg,9
02815362832395585.jpg,9
686072070143485.jpg,9
2376503748548233.jpg,9
535735703622049.jpg,9
960626324550294.jpg,9
4720925802532.jpg,9
506299854765139.jpg,9
071980239502021.jpg,9
611833131008502.jpg,9
017088884413241.jpg,9
997655323293776.jpg,9
0986678406213157.jpg,9
080403276198228.jpg,9
183938581982041.jpg,9
9504547840349264.jpg,9
938443733319252.jpg,9
297794098131513.jpg,9
862850157085596.jpg,9
356826662772151.jpg,9
633716248422892.jpg,9
169696171630441.jpg,9
1617111958510642.jpg,9
0881888491373954.jpg,9
803134549886147.jpg,9
04289441217105.jpg,9
48529452586835.jpg,9
464855158497741.jpg,9
172922698943649.jpg,9
072624322195154.jpg,9
447353355301303.jpg,9
420313159430385.jpg,9
5302209864243.jpg,9
268117743109155.jpg,9
193913488965366.jpg,9
344669522387093.jpg,9
274640303747507.jpg,9
960028076604183.jpg,9
763559990741248.jpg,9
258042640327319.jpg,9
844728052004885.jpg,9
3661125582557676.jpg,9
730546773114093.jpg,9
9903212376131834.jpg,9
0966929129035194.jpg,9
589965535495966.jpg,9
447223143604154.jpg,9
5196133259447917.jpg,9
2339284213301382.jpg,9
4069047612175416.jpg,9
0413945340720718.jpg,9
843914133825321.jpg,9
019312625651631.jpg,9
477750063708107.jpg,9
1361196810728613.jpg,9
831737522864867.jpg,9
7510960894935585.jpg,9
946129626890415.jpg,9
081846955409799.jpg,9
808185120216008.jpg,9
600183985487737.jpg,9
3099850353748774.jpg,9
5642968950009823.jpg,9
350803698242814.jpg,9
856823733497458.jpg,9
905190273268413.jpg,9
3390397336137.jpg,9
649749649051811.jpg,9
690621549244265.jpg,9
879302042067031.jpg,9
59151945234059.jpg,9
7340794510778605.jpg,9
161839210540665.jpg,9
141959878070597.jpg,9
785674080004124.jpg,9
561998956061908.jpg,9
278902245374838.jpg,9
359927048675652.jpg,9
360434253260767.jpg,9
060341127594696.jpg,9
964319344653999.jpg,9
062981547508344.jpg,9
14763691421562.jpg,9
0125559415319083.jpg,9
195569227596879.jpg,9
499715670825044.jpg,9
1670293868902182.jpg,9
14479090570444.jpg,9
6775915633947096.jpg,9
842219076137731.jpg,9
418275311712777.jpg,9
604909361096346.jpg,9
058299428548078.jpg,9
355670690850698.jpg,9
310812680540298.jpg,9
081992684317447.jpg,9
785076571136076.jpg,9
374249791301623.jpg,9
14182881703533.jpg,9
787138220860269.jpg,9
0924812318695853.jpg,9
112219780797419.jpg,9
008267035619404.jpg,9
252901640893954.jpg,9
255795657059738.jpg,9
050929906679788.jpg,9
281458494653853.jpg,9
372685489352689.jpg,9
372446573997191.jpg,9
05952629293856.jpg,9
004964449069514.jpg,9
50496077722291144.jpg,9
088080397410413.jpg,9
242827550111032.jpg,9
671498093400342.jpg,9
326833824302321.jpg,9
615855257094831.jpg,9
743642401999928.jpg,9
8513258909985886.jpg,9
429428267176459.jpg,9
0434861530882542.jpg,9
589399295945439.jpg,9
992465483766762.jpg,9
476370990022628.jpg,9
197309637964432.jpg,9
398796267636455.jpg,9
4740052097321106.jpg,9
264893578896496.jpg,9
1707537344995356.jpg,9
3555357311677709.jpg,9
121077391998917.jpg,9
6382494643123613.jpg,9
814179750534121.jpg,9
1435026521584046.jpg,9
103585050661949.jpg,9
beagle_138.jpg,10
beagle_104.jpg,10
beagle_21.jpg,10
beagle_35.jpg,10
beagle_110.jpg,10
beagle_34.jpg,10
beagle_111.jpg,10
beagle_105.jpg,10
beagle_20.jpg,10
beagle_139.jpg,10
beagle_113.jpg,10
beagle_36.jpg,10
beagle_22.jpg,10
beagle_107.jpg,10
beagle_23.jpg,10
beagle_112.jpg,10
beagle_37.jpg,10
beagle_33.jpg,10
beagle_116.jpg,10
beagle_102.jpg,10
beagle_27.jpg,10
beagle_103.jpg,10
beagle_26.jpg,10
beagle_32.jpg,10
beagle_117.jpg,10
beagle_24.jpg,10
beagle_101.jpg,10
beagle_115.jpg,10
beagle_30.jpg,10
beagle_18.jpg,10
beagle_129.jpg,10
beagle_128.jpg,10
beagle_19.jpg,10
beagle_114.jpg,10
beagle_31.jpg,10
beagle_25.jpg,10
beagle_100.jpg,10
beagle_81.jpg,10
beagle_95.jpg,10
beagle_42.jpg,10
beagle_167.jpg,10
beagle_3.jpg,10
beagle_173.jpg,10
beagle_56.jpg,10
beagle_172.jpg,10
beagle_57.jpg,10
beagle_43.jpg,10
beagle_166.jpg,10
beagle_2.jpg,10
beagle_94.jpg,10
beagle_80.jpg,10
beagle_199.jpg,10
beagle_204.jpg,10
beagle_96.jpg,10
beagle_82.jpg,10
beagle_69.jpg,10
beagle_158.jpg,10
beagle_55.jpg,10
beagle_170.jpg,10
beagle_164.jpg,10
beagle_41.jpg,10
beagle_1.jpg,10
beagle_165.jpg,10
beagle_40.jpg,10
beagle_54.jpg,10
beagle_171.jpg,10
beagle_68.jpg,10
beagle_83.jpg,10
beagle_97.jpg,10
beagle_203.jpg,10
beagle_93.jpg,10
beagle_87.jpg,10
beagle_175.jpg,10
beagle_50.jpg,10
beagle_44.jpg,10
beagle_161.jpg,10
beagle_5.jpg,10
beagle_149.jpg,10
beagle_78.jpg,10
beagle_79.jpg,10
beagle_148.jpg,10
beagle_45.jpg,10
beagle_160.jpg,10
beagle_4.jpg,10
beagle_174.jpg,10
beagle_51.jpg,10
beagle_86.jpg,10
beagle_92.jpg,10
beagle_202.jpg,10
beagle_200.jpg,10
beagle_84.jpg,10
beagle_90.jpg,10
beagle_189.jpg,10
beagle_6.jpg,10
beagle_162.jpg,10
beagle_47.jpg,10
beagle_53.jpg,10
beagle_176.jpg,10
beagle_52.jpg,10
beagle_177.jpg,10
beagle_7.jpg,10
beagle_163.jpg,10
beagle_46.jpg,10
beagle_188.jpg,10
beagle_91.jpg,10
beagle_85.jpg,10
beagle_201.jpg,10
beagle_88.jpg,10
beagle_185.jpg,10
beagle_191.jpg,10
beagle_63.jpg,10
beagle_146.jpg,10
beagle_152.jpg,10
beagle_77.jpg,10
beagle_153.jpg,10
beagle_76.jpg,10
beagle_62.jpg,10
beagle_147.jpg,10
beagle_190.jpg,10
beagle_184.jpg,10
beagle_89.jpg,10
beagle_192.jpg,10
beagle_186.jpg,10
beagle_48.jpg,10
beagle_9.jpg,10
beagle_179.jpg,10
beagle_74.jpg,10
beagle_151.jpg,10
beagle_145.jpg,10
beagle_60.jpg,10
beagle_144.jpg,10
beagle_61.jpg,10
beagle_75.jpg,10
beagle_150.jpg,10
beagle_178.jpg,10
beagle_49.jpg,10
beagle_8.jpg,10
beagle_187.jpg,10
beagle_193.jpg,10
beagle_197.jpg,10
beagle_183.jpg,10
beagle_154.jpg,10
beagle_71.jpg,10
beagle_65.jpg,10
beagle_140.jpg,10
beagle_168.jpg,10
beagle_59.jpg,10
beagle_58.jpg,10
beagle_169.jpg,10
beagle_64.jpg,10
beagle_141.jpg,10
beagle_155.jpg,10
beagle_70.jpg,10
beagle_182.jpg,10
beagle_196.jpg,10
beagle_180.jpg,10
beagle_194.jpg,10
beagle_99.jpg,10
beagle_143.jpg,10
beagle_66.jpg,10
beagle_72.jpg,10
beagle_157.jpg,10
beagle_73.jpg,10
beagle_156.jpg,10
beagle_142.jpg,10
beagle_67.jpg,10
beagle_98.jpg,10
beagle_195.jpg,10
beagle_181.jpg,10
beagle_119.jpg,10
beagle_28.jpg,10
beagle_125.jpg,10
beagle_14.jpg,10
beagle_131.jpg,10
beagle_15.jpg,10
beagle_130.jpg,10
beagle_124.jpg,10
beagle_29.jpg,10
beagle_118.jpg,10
beagle_17.jpg,10
beagle_126.jpg,10
beagle_127.jpg,10
beagle_133.jpg,10
beagle_16.jpg,10
beagle_12.jpg,10
beagle_137.jpg,10
beagle_123.jpg,10
beagle_122.jpg,10
beagle_13.jpg,10
beagle_136.jpg,10
beagle_120.jpg,10
beagle_134.jpg,10
beagle_39.jpg,10
beagle_108.jpg,10
beagle_109.jpg,10
beagle_38.jpg,10
beagle_135.jpg,10
beagle_10.jpg,10
beagle_121.jpg,10
pug_52.jpg,11
pug_46.jpg,11
pug_91.jpg,11
pug_85.jpg,11
pug_103.jpg,11
pug_117.jpg,11
pug_116.jpg,11
pug_102.jpg,11
pug_84.jpg,11
pug_90.jpg,11
pug_47.jpg,11
pug_53.jpg,11
pug_45.jpg,11
pug_51.jpg,11
pug_79.jpg,11
pug_86.jpg,11
pug_92.jpg,11
pug_114.jpg,11
pug_100.jpg,11
pug_128.jpg,11
pug_129.jpg,11
pug_101.jpg,11
pug_115.jpg,11
pug_93.jpg,11
pug_87.jpg,11
pug_78.jpg,11
pug_50.jpg,11
pug_44.jpg,11
pug_68.jpg,11
pug_40.jpg,11
pug_54.jpg,11
pug_97.jpg,11
pug_8.jpg,11
pug_139.jpg,11
pug_111.jpg,11
pug_105.jpg,11
pug_104.jpg,11
pug_110.jpg,11
pug_138.jpg,11
pug_9.jpg,11
pug_96.jpg,11
pug_82.jpg,11
pug_55.jpg,11
pug_41.jpg,11
pug_69.jpg,11
pug_57.jpg,11
pug_43.jpg,11
pug_94.jpg,11
pug_80.jpg,11
pug_106.jpg,11
pug_112.jpg,11
pug_107.jpg,11
pug_81.jpg,11
pug_95.jpg,11
pug_42.jpg,11
pug_56.jpg,11
pug_31.jpg,11
pug_25.jpg,11
pug_19.jpg,11
pug_202.jpg,11
pug_160.jpg,11
pug_174.jpg,11
pug_148.jpg,11
pug_149.jpg,11
pug_175.jpg,11
pug_161.jpg,11
pug_203.jpg,11
pug_18.jpg,11
pug_24.jpg,11
pug_30.jpg,11
pug_26.jpg,11
pug_32.jpg,11
pug_201.jpg,11
pug_177.jpg,11
pug_163.jpg,11
pug_188.jpg,11
pug_189.jpg,11
pug_162.jpg,11
pug_176.jpg,11
pug_200.jpg,11
pug_33.jpg,11
pug_27.jpg,11
pug_23.jpg,11
pug_37.jpg,11
pug_172.jpg,11
pug_166.jpg,11
pug_199.jpg,11
pug_198.jpg,11
pug_167.jpg,11
pug_173.jpg,11
pug_36.jpg,11
pug_22.jpg,11
pug_34.jpg,11
pug_20.jpg,11
pug_159.jpg,11
pug_165.jpg,11
pug_171.jpg,11
pug_170.jpg,11
pug_164.jpg,11
pug_158.jpg,11
pug_21.jpg,11
pug_35.jpg,11
pug_10.jpg,11
pug_38.jpg,11
pug_141.jpg,11
pug_155.jpg,11
pug_169.jpg,11
pug_182.jpg,11
pug_196.jpg,11
pug_197.jpg,11
pug_183.jpg,11
pug_168.jpg,11
pug_154.jpg,11
pug_140.jpg,11
pug_39.jpg,11
pug_11.jpg,11
pug_13.jpg,11
pug_156.jpg,11
pug_142.jpg,11
pug_195.jpg,11
pug_181.jpg,11
pug_180.jpg,11
pug_194.jpg,11
pug_143.jpg,11
pug_157.jpg,11
pug_12.jpg,11
pug_16.jpg,11
pug_153.jpg,11
pug_147.jpg,11
pug_184.jpg,11
pug_185.jpg,11
pug_191.jpg,11
pug_146.jpg,11
pug_17.jpg,11
pug_29.jpg,11
pug_15.jpg,11
pug_178.jpg,11
pug_144.jpg,11
pug_150.jpg,11
pug_187.jpg,11
pug_193.jpg,11
pug_192.jpg,11
pug_186.jpg,11
pug_151.jpg,11
pug_145.jpg,11
pug_179.jpg,11
pug_14.jpg,11
pug_28.jpg,11
pug_73.jpg,11
pug_67.jpg,11
pug_98.jpg,11
pug_7.jpg,11
pug_122.jpg,11
pug_136.jpg,11
pug_137.jpg,11
pug_123.jpg,11
pug_6.jpg,11
pug_99.jpg,11
pug_66.jpg,11
pug_72.jpg,11
pug_64.jpg,11
pug_70.jpg,11
pug_58.jpg,11
pug_4.jpg,11
pug_135.jpg,11
pug_121.jpg,11
pug_109.jpg,11
pug_108.jpg,11
pug_120.jpg,11
pug_134.jpg,11
pug_5.jpg,11
pug_59.jpg,11
pug_71.jpg,11
pug_65.jpg,11
pug_49.jpg,11
pug_61.jpg,11
pug_75.jpg,11
pug_1.jpg,11
pug_118.jpg,11
pug_130.jpg,11
pug_124.jpg,11
pug_125.jpg,11
pug_131.jpg,11
pug_119.jpg,11
pug_74.jpg,11
pug_60.jpg,11
pug_48.jpg,11
pug_76.jpg,11
pug_62.jpg,11
pug_89.jpg,11
pug_2.jpg,11
pug_127.jpg,11
pug_133.jpg,11
pug_132.jpg,11
pug_126.jpg,11
pug_3.jpg,11
pug_88.jpg,11
pug_63.jpg,11
pug_77.jpg,11
boxer_147.jpg,12
boxer_153.jpg,12
boxer_184.jpg,12
boxer_190.jpg,12
boxer_22.jpg,12
boxer_36.jpg,12
boxer_5.jpg,12
boxer_4.jpg,12
boxer_37.jpg,12
boxer_23.jpg,12
boxer_191.jpg,12
boxer_185.jpg,12
boxer_152.jpg,12
boxer_146.jpg,12
boxer_150.jpg,12
boxer_144.jpg,12
boxer_178.jpg,12
boxer_193.jpg,12
boxer_187.jpg,12
boxer_35.jpg,12
boxer_21.jpg,12
boxer_6.jpg,12
boxer_7.jpg,12
boxer_20.jpg,12
boxer_34.jpg,12
boxer_186.jpg,12
boxer_192.jpg,12
boxer_179.jpg,12
boxer_145.jpg,12
boxer_151.jpg,12
boxer_169.jpg,12
boxer_155.jpg,12
boxer_141.jpg,12
boxer_30.jpg,12
boxer_24.jpg,12
boxer_196.jpg,12
boxer_182.jpg,12
boxer_18.jpg,12
boxer_3.jpg,12
boxer_2.jpg,12
boxer_183.jpg,12
boxer_19.jpg,12
boxer_197.jpg,12
boxer_25.jpg,12
boxer_31.jpg,12
boxer_140.jpg,12
boxer_154.jpg,12
boxer_168.jpg,12
boxer_142.jpg,12
boxer_156.jpg,12
boxer_27.jpg,12
boxer_33.jpg,12
boxer_181.jpg,12
boxer_195.jpg,12
boxer_1.jpg,12
boxer_194.jpg,12
boxer_180.jpg,12
boxer_32.jpg,12
boxer_26.jpg,12
boxer_157.jpg,12
boxer_143.jpg,12
boxer_124.jpg,12
boxer_130.jpg,12
boxer_82.jpg,12
boxer_118.jpg,12
boxer_96.jpg,12
boxer_69.jpg,12
boxer_41.jpg,12
boxer_55.jpg,12
boxer_54.jpg,12
boxer_40.jpg,12
boxer_68.jpg,12
boxer_97.jpg,12
boxer_83.jpg,12
boxer_119.jpg,12
boxer_131.jpg,12
boxer_125.jpg,12
boxer_133.jpg,12
boxer_127.jpg,12
boxer_95.jpg,12
boxer_81.jpg,12
boxer_56.jpg,12
boxer_42.jpg,12
boxer_43.jpg,12
boxer_57.jpg,12
boxer_80.jpg,12
boxer_94.jpg,12
boxer_126.jpg,12
boxer_132.jpg,12
boxer_90.jpg,12
boxer_84.jpg,12
boxer_136.jpg,12
boxer_122.jpg,12
boxer_53.jpg,12
boxer_47.jpg,12
boxer_46.jpg,12
boxer_52.jpg,12
boxer_123.jpg,12
boxer_137.jpg,12
boxer_85.jpg,12
boxer_91.jpg,12
boxer_87.jpg,12
boxer_93.jpg,12
boxer_109.jpg,12
boxer_121.jpg,12
boxer_135.jpg,12
boxer_44.jpg,12
boxer_50.jpg,12
boxer_78.jpg,12
boxer_79.jpg,12
boxer_51.jpg,12
boxer_45.jpg,12
boxer_134.jpg,12
boxer_120.jpg,12
boxer_92.jpg,12
boxer_108.jpg,12
boxer_86.jpg,12
boxer_105.jpg,12
boxer_111.jpg,12
boxer_139.jpg,12
boxer_48.jpg,12
boxer_60.jpg,12
boxer_74.jpg,12
boxer_75.jpg,12
boxer_61.jpg,12
boxer_49.jpg,12
boxer_138.jpg,12
boxer_110.jpg,12
boxer_104.jpg,12
boxer_88.jpg,12
boxer_112.jpg,12
boxer_106.jpg,12
boxer_77.jpg,12
boxer_63.jpg,12
boxer_62.jpg,12
boxer_76.jpg,12
boxer_107.jpg,12
boxer_89.jpg,12
boxer_113.jpg,12
boxer_117.jpg,12
boxer_99.jpg,12
boxer_103.jpg,12
boxer_72.jpg,12
boxer_66.jpg,12
boxer_67.jpg,12
boxer_73.jpg,12
boxer_98.jpg,12
boxer_102.jpg,12
boxer_116.jpg,12
boxer_128.jpg,12
boxer_100.jpg,12
boxer_114.jpg,12
boxer_65.jpg,12
boxer_71.jpg,12
boxer_59.jpg,12
boxer_58.jpg,12
boxer_70.jpg,12
boxer_64.jpg,12
boxer_115.jpg,12
boxer_101.jpg,12
boxer_129.jpg,12
boxer_166.jpg,12
boxer_172.jpg,12
boxer_199.jpg,12
boxer_17.jpg,12
boxer_16.jpg,12
boxer_198.jpg,12
boxer_173.jpg,12
boxer_167.jpg,12
boxer_171.jpg,12
boxer_165.jpg,12
boxer_159.jpg,12
boxer_28.jpg,12
boxer_14.jpg,12
boxer_15.jpg,12
boxer_29.jpg,12
boxer_158.jpg,12
boxer_164.jpg,12
boxer_170.jpg,12
boxer_148.jpg,12
boxer_174.jpg,12
boxer_160.jpg,12
boxer_11.jpg,12
boxer_39.jpg,12
boxer_38.jpg,12
boxer_10.jpg,12
boxer_161.jpg,12
boxer_175.jpg,12
boxer_163.jpg,12
boxer_177.jpg,12
boxer_188.jpg,12
boxer_12.jpg,12
boxer_9.jpg,12
boxer_200.jpg,12
boxer_8.jpg,12
boxer_189.jpg,12
boxer_13.jpg,12
boxer_176.jpg,12
boxer_162.jpg,12
shiba_inu_122.jpg,13
shiba_inu_136.jpg,13
shiba_inu_43.jpg,13
shiba_inu_57.jpg,13
shiba_inu_80.jpg,13
shiba_inu_94.jpg,13
shiba_inu_95.jpg,13
shiba_inu_81.jpg,13
shiba_inu_56.jpg,13
shiba_inu_42.jpg,13
shiba_inu_137.jpg,13
shiba_inu_123.jpg,13
shiba_inu_68.jpg,13
shiba_inu_135.jpg,13
shiba_inu_121.jpg,13
shiba_inu_54.jpg,13
shiba_inu_109.jpg,13
shiba_inu_40.jpg,13
shiba_inu_97.jpg,13
shiba_inu_83.jpg,13
shiba_inu_82.jpg,13
shiba_inu_96.jpg,13
shiba_inu_41.jpg,13
shiba_inu_55.jpg,13
shiba_inu_108.jpg,13
shiba_inu_120.jpg,13
shiba_inu_69.jpg,13
shiba_inu_134.jpg,13
shiba_inu_51.jpg,13
shiba_inu_45.jpg,13
shiba_inu_118.jpg,13
shiba_inu_130.jpg,13
shiba_inu_79.jpg,13
shiba_inu_124.jpg,13
shiba_inu_92.jpg,13
shiba_inu_86.jpg,13
shiba_inu_87.jpg,13
shiba_inu_93.jpg,13
shiba_inu_78.jpg,13
shiba_inu_125.jpg,13
shiba_inu_131.jpg,13
shiba_inu_44.jpg,13
shiba_inu_119.jpg,13
shiba_inu_50.jpg,13
shiba_inu_46.jpg,13
shiba_inu_52.jpg,13
shiba_inu_127.jpg,13
shiba_inu_133.jpg,13
shiba_inu_85.jpg,13
shiba_inu_91.jpg,13
shiba_inu_90.jpg,13
shiba_inu_84.jpg,13
shiba_inu_132.jpg,13
shiba_inu_126.jpg,13
shiba_inu_53.jpg,13
shiba_inu_47.jpg,13
shiba_inu_141.jpg,13
shiba_inu_155.jpg,13
shiba_inu_20.jpg,13
shiba_inu_34.jpg,13
shiba_inu_182.jpg,13
shiba_inu_196.jpg,13
shiba_inu_3.jpg,13
shiba_inu_183.jpg,13
shiba_inu_35.jpg,13
shiba_inu_168.jpg,13
shiba_inu_21.jpg,13
shiba_inu_154.jpg,13
shiba_inu_140.jpg,13
shiba_inu_156.jpg,13
shiba_inu_142.jpg,13
shiba_inu_37.jpg,13
shiba_inu_23.jpg,13
shiba_inu_195.jpg,13
shiba_inu_181.jpg,13
shiba_inu_208.jpg,13
shiba_inu_209.jpg,13
shiba_inu_1.jpg,13
shiba_inu_180.jpg,13
shiba_inu_194.jpg,13
shiba_inu_22.jpg,13
shiba_inu_36.jpg,13
shiba_inu_143.jpg,13
shiba_inu_157.jpg,13
shiba_inu_32.jpg,13
shiba_inu_26.jpg,13
shiba_inu_153.jpg,13
shiba_inu_147.jpg,13
shiba_inu_190.jpg,13
shiba_inu_5.jpg,13
shiba_inu_4.jpg,13
shiba_inu_185.jpg,13
shiba_inu_191.jpg,13
shiba_inu_146.jpg,13
shiba_inu_152.jpg,13
shiba_inu_27.jpg,13
shiba_inu_33.jpg,13
shiba_inu_25.jpg,13
shiba_inu_178.jpg,13
shiba_inu_31.jpg,13
shiba_inu_19.jpg,13
shiba_inu_144.jpg,13
shiba_inu_150.jpg,13
shiba_inu_187.jpg,13
shiba_inu_193.jpg,13
shiba_inu_6.jpg,13
shiba_inu_7.jpg,13
shiba_inu_192.jpg,13
shiba_inu_186.jpg,13
shiba_inu_18.jpg,13
shiba_inu_145.jpg,13
shiba_inu_30.jpg,13
shiba_inu_24.jpg,13
shiba_inu_179.jpg,13
shiba_inu_160.jpg,13
shiba_inu_29.jpg,13
shiba_inu_174.jpg,13
shiba_inu_15.jpg,13
shiba_inu_202.jpg,13
shiba_inu_203.jpg,13
shiba_inu_14.jpg,13
shiba_inu_28.jpg,13
shiba_inu_175.jpg,13
shiba_inu_161.jpg,13
shiba_inu_177.jpg,13
shiba_inu_163.jpg,13
shiba_inu_16.jpg,13
shiba_inu_9.jpg,13
shiba_inu_201.jpg,13
shiba_inu_200.jpg,13
shiba_inu_8.jpg,13
shiba_inu_189.jpg,13
shiba_inu_162.jpg,13
shiba_inu_176.jpg,13
shiba_inu_13.jpg,13
shiba_inu_172.jpg,13
shiba_inu_166.jpg,13
shiba_inu_199.jpg,13
shiba_inu_204.jpg,13
shiba_inu_205.jpg,13
shiba_inu_198.jpg,13
shiba_inu_173.jpg,13
shiba_inu_12.jpg,13
shiba_inu_159.jpg,13
shiba_inu_10.jpg,13
shiba_inu_38.jpg,13
shiba_inu_165.jpg,13
shiba_inu_171.jpg,13
shiba_inu_207.jpg,13
shiba_inu_206.jpg,13
shiba_inu_212.jpg,13
shiba_inu_170.jpg,13
shiba_inu_39.jpg,13
shiba_inu_164.jpg,13
shiba_inu_11.jpg,13
shiba_inu_158.jpg,13
shiba_inu_103.jpg,13
shiba_inu_117.jpg,13
shiba_inu_62.jpg,13
shiba_inu_76.jpg,13
shiba_inu_89.jpg,13
shiba_inu_88.jpg,13
shiba_inu_77.jpg,13
shiba_inu_63.jpg,13
shiba_inu_116.jpg,13
shiba_inu_102.jpg,13
shiba_inu_49.jpg,13
shiba_inu_114.jpg,13
shiba_inu_100.jpg,13
shiba_inu_75.jpg,13
shiba_inu_128.jpg,13
shiba_inu_61.jpg,13
shiba_inu_60.jpg,13
shiba_inu_74.jpg,13
shiba_inu_129.jpg,13
shiba_inu_101.jpg,13
shiba_inu_48.jpg,13
shiba_inu_115.jpg,13
shiba_inu_70.jpg,13
shiba_inu_64.jpg,13
shiba_inu_139.jpg,13
shiba_inu_111.jpg,13
shiba_inu_58.jpg,13
shiba_inu_105.jpg,13
shiba_inu_59.jpg,13
shiba_inu_104.jpg,13
shiba_inu_110.jpg,13
shiba_inu_65.jpg,13
shiba_inu_71.jpg,13
shiba_inu_67.jpg,13
shiba_inu_73.jpg,13
shiba_inu_106.jpg,13
shiba_inu_112.jpg,13
shiba_inu_98.jpg,13
shiba_inu_99.jpg,13
shiba_inu_113.jpg,13
shiba_inu_107.jpg,13
shiba_inu_72.jpg,13
shiba_inu_66.jpg,13
samoyed_59.jpg,14
samoyed_65.jpg,14
samoyed_71.jpg,14
samoyed_177.jpg,14
samoyed_163.jpg,14
samoyed_188.jpg,14
samoyed_189.jpg,14
samoyed_162.jpg,14
samoyed_176.jpg,14
samoyed_70.jpg,14
samoyed_64.jpg,14
samoyed_58.jpg,14
samoyed_200.jpg,14
samoyed_202.jpg,14
samoyed_72.jpg,14
samoyed_66.jpg,14
samoyed_99.jpg,14
samoyed_160.jpg,14
samoyed_174.jpg,14
samoyed_148.jpg,14
samoyed_149.jpg,14
samoyed_175.jpg,14
samoyed_161.jpg,14
samoyed_98.jpg,14
samoyed_67.jpg,14
samoyed_73.jpg,14
samoyed_77.jpg,14
samoyed_63.jpg,14
samoyed_88.jpg,14
samoyed_159.jpg,14
samoyed_165.jpg,14
samoyed_171.jpg,14
samoyed_170.jpg,14
samoyed_164.jpg,14
samoyed_158.jpg,14
samoyed_89.jpg,14
samoyed_62.jpg,14
samoyed_76.jpg,14
samoyed_60.jpg,14
samoyed_74.jpg,14
samoyed_48.jpg,14
samoyed_172.jpg,14
samoyed_166.jpg,14
samoyed_199.jpg,14
samoyed_198.jpg,14
samoyed_167.jpg,14
samoyed_173.jpg,14
samoyed_49.jpg,14
samoyed_75.jpg,14
samoyed_61.jpg,14
samoyed_8.jpg,14
samoyed_12.jpg,14
samoyed_114.jpg,14
samoyed_100.jpg,14
samoyed_128.jpg,14
samoyed_129.jpg,14
samoyed_101.jpg,14
samoyed_115.jpg,14
samoyed_13.jpg,14
samoyed_9.jpg,14
samoyed_39.jpg,14
samoyed_11.jpg,14
samoyed_103.jpg,14
samoyed_117.jpg,14
samoyed_116.jpg,14
samoyed_102.jpg,14
samoyed_10.jpg,14
samoyed_38.jpg,14
samoyed_14.jpg,14
samoyed_28.jpg,14
samoyed_106.jpg,14
samoyed_112.jpg,14
samoyed_113.jpg,14
samoyed_107.jpg,14
samoyed_29.jpg,14
samoyed_15.jpg,14
samoyed_17.jpg,14
samoyed_139.jpg,14
samoyed_111.jpg,14
samoyed_105.jpg,14
samoyed_104.jpg,14
samoyed_110.jpg,14
samoyed_138.jpg,14
samoyed_16.jpg,14
samoyed_1.jpg,14
samoyed_27.jpg,14
samoyed_33.jpg,14
samoyed_135.jpg,14
samoyed_121.jpg,14
samoyed_109.jpg,14
samoyed_108.jpg,14
samoyed_120.jpg,14
samoyed_134.jpg,14
samoyed_32.jpg,14
samoyed_26.jpg,14
samoyed_2.jpg,14
samoyed_18.jpg,14
samoyed_30.jpg,14
samoyed_24.jpg,14
samoyed_122.jpg,14
samoyed_136.jpg,14
samoyed_137.jpg,14
samoyed_123.jpg,14
samoyed_25.jpg,14
samoyed_31.jpg,14
samoyed_19.jpg,14
samoyed_3.jpg,14
samoyed_7.jpg,14
samoyed_35.jpg,14
samoyed_21.jpg,14
samoyed_127.jpg,14
samoyed_133.jpg,14
samoyed_132.jpg,14
samoyed_126.jpg,14
samoyed_20.jpg,14
samoyed_34.jpg,14
samoyed_6.jpg,14
samoyed_4.jpg,14
samoyed_22.jpg,14
samoyed_36.jpg,14
samoyed_118.jpg,14
samoyed_130.jpg,14
samoyed_124.jpg,14
samoyed_125.jpg,14
samoyed_131.jpg,14
samoyed_119.jpg,14
samoyed_37.jpg,14
samoyed_23.jpg,14
samoyed_5.jpg,14
samoyed_78.jpg,14
samoyed_44.jpg,14
samoyed_50.jpg,14
samoyed_87.jpg,14
samoyed_93.jpg,14
samoyed_156.jpg,14
samoyed_142.jpg,14
samoyed_195.jpg,14
samoyed_181.jpg,14
samoyed_180.jpg,14
samoyed_194.jpg,14
samoyed_143.jpg,14
samoyed_157.jpg,14
samoyed_92.jpg,14
samoyed_86.jpg,14
samoyed_51.jpg,14
samoyed_45.jpg,14
samoyed_79.jpg,14
samoyed_53.jpg,14
samoyed_47.jpg,14
samoyed_90.jpg,14
samoyed_84.jpg,14
samoyed_141.jpg,14
samoyed_155.jpg,14
samoyed_169.jpg,14
samoyed_182.jpg,14
samoyed_196.jpg,14
samoyed_197.jpg,14
samoyed_183.jpg,14
samoyed_168.jpg,14
samoyed_154.jpg,14
samoyed_140.jpg,14
samoyed_85.jpg,14
samoyed_91.jpg,14
samoyed_46.jpg,14
samoyed_52.jpg,14
samoyed_56.jpg,14
samoyed_42.jpg,14
samoyed_95.jpg,14
samoyed_81.jpg,14
samoyed_178.jpg,14
samoyed_144.jpg,14
samoyed_150.jpg,14
samoyed_187.jpg,14
samoyed_192.jpg,14
samoyed_186.jpg,14
samoyed_151.jpg,14
samoyed_145.jpg,14
samoyed_179.jpg,14
samoyed_80.jpg,14
samoyed_94.jpg,14
samoyed_43.jpg,14
samoyed_57.jpg,14
samoyed_41.jpg,14
samoyed_55.jpg,14
samoyed_69.jpg,14
samoyed_82.jpg,14
samoyed_96.jpg,14
samoyed_153.jpg,14
samoyed_147.jpg,14
samoyed_190.jpg,14
samoyed_184.jpg,14
samoyed_185.jpg,14
samoyed_146.jpg,14
samoyed_152.jpg,14
samoyed_97.jpg,14
samoyed_83.jpg,14
samoyed_68.jpg,14
samoyed_54.jpg,14
samoyed_40.jpg,14
090657495572403.jpg,15
380420975725871.jpg,15
178097368553725.jpg,15
317662397072197.jpg,15
293879725597513.jpg,15
43900385299044.jpg,15
212255385695846.jpg,15
112833563496374.jpg,15
354908534407133.jpg,15
355957581660075.jpg,15
057515936617492.jpg,15
070898672181814.jpg,15
293779839153509.jpg,15
077840745192915.jpg,15
073673582580572.jpg,15
372593385778065.jpg,15
155682952320505.jpg,15
003599276035386.jpg,15
97864220275175.jpg,15
9384670323083.jpg,15
373233354200229.jpg,15
210730441036242.jpg,15
390500227215031.jpg,15
034035609638803.jpg,15
069880736153434.jpg,15
363272620061761.jpg,15
053898631751011.jpg,15
251669352001294.jpg,15
359239174362831.jpg,15
094866606081219.jpg,15
11464949979061.jpg,15
294113211626797.jpg,15
231208163142685.jpg,15
097598861457767.jpg,15
0239517052885116.jpg,15
251617264551316.jpg,15
304638467115329.jpg,15
220908145113191.jpg,15
0317635043816253.jpg,15
197158259158343.jpg,15
216916699444064.jpg,15
41488851548274.jpg,15
201573005859819.jpg,15
182218820213947.jpg,15
369853692044693.jpg,15
380567644208066.jpg,15
75061099573542.jpg,15
037655155791623.jpg,15
273365832362402.jpg,15
212524032118206.jpg,15
003497282825538.jpg,15
19095968485603.jpg,15
243567378023595.jpg,15
053149878374862.jpg,15
335417196190922.jpg,15
190110632902462.jpg,15
160653413946225.jpg,15
380337263409526.jpg,15
068613223739252.jpg,15
345073054437172.jpg,15
258538437432197.jpg,15
83550589515621.jpg,15
138296633044858.jpg,15
234530880168278.jpg,15
266597091401085.jpg,15
287002028440061.jpg,15
266960226051776.jpg,15
244369794120585.jpg,15
339562807119389.jpg,15
195659534097007.jpg,15
08310836805574.jpg,15
2270346472568.jpg,15
276565058910716.jpg,15
074054060392877.jpg,15
28776734197504.jpg,15
072725809547699.jpg,15
153705610623354.jpg,15
027440607918286.jpg,15
212373034801295.jpg,15
0313993187720936.jpg,15
026140650794982.jpg,15
042181413806815.jpg,15
0129653136391414.jpg,15
347943316539108.jpg,15
73612168918685.jpg,15
369457868993588.jpg,15
286503275340143.jpg,15
260122478910743.jpg,15
3109110204004.jpg,15
293508028624141.jpg,15
28871698371683.jpg,15
50375658776883.jpg,15
199251908261245.jpg,15
050362479546241.jpg,15
052406864703276.jpg,15
380329254993857.jpg,15
253628495634237.jpg,15
43211179427936.jpg,15
160512079713252.jpg,15
021629948095672.jpg,15
031925345251604.jpg,15
31450479676679.jpg,15
30589568431223.jpg,15
354612215859781.jpg,15
374808675636103.jpg,15
107589931534857.jpg,15
082436503020939.jpg,15
297400479913118.jpg,15
097345838106123.jpg,15
65261338005748.jpg,15
374231683062951.jpg,15
328830077298712.jpg,15
90077188025158.jpg,15
224449890679423.jpg,15
225592457028074.jpg,15
244941291693857.jpg,15
65875372026063.jpg,15
389093431022885.jpg,15
99306779164238.jpg,15
205860252153946.jpg,15
78732699097792.jpg,15
205262568510104.jpg,15
006460582870375.jpg,15
0148886379900433.jpg,15
96481031863258.jpg,15
239207375964881.jpg,15
78784809556093.jpg,15
98143593278577.jpg,15
220305848816211.jpg,15
363624050561619.jpg,15
008407263946155.jpg,15
39051436969253.jpg,15
002808636847.jpg,15
302566964887328.jpg,15
100279360590436.jpg,15
277954062670338.jpg,15
91967181217976.jpg,15
71376417440223.jpg,15
074660825449602.jpg,15
36491267479561.jpg,15
024054636713758.jpg,15
340167457685493.jpg,15
256577477223322.jpg,15
211002272127302.jpg,15
199286538271419.jpg,15
220846897650474.jpg,15
5756501998096.jpg,15
236987581285365.jpg,15
147788488564148.jpg,15
349555381302695.jpg,15
283078241504887.jpg,15
03766725673361.jpg,15
089707902702717.jpg,15
241908155449773.jpg,15
129120756306562.jpg,15
202174619756635.jpg,15
70913428331727.jpg,15
167612195536252.jpg,15
093451252772617.jpg,15
8884722209262.jpg,15
226149951041969.jpg,15
163811678769007.jpg,15
278490083083544.jpg,15
281892342196505.jpg,15
046039507799001.jpg,15
12625185048926.jpg,15
378358354819212.jpg,15
8120442851032.jpg,15
071892516983479.jpg,15
204979016169445.jpg,15
385489360630086.jpg,15
123582146617446.jpg,15
230564678218225.jpg,15
76324571379821.jpg,15
191295981026463.jpg,15
002695723566825.jpg,15
310071646227009.jpg,15
227904894887593.jpg,15
339066132637004.jpg,15
89297438723042.jpg,15
150141868314986.jpg,15
047436872402033.jpg,15
85389489282354.jpg,15
172400819721677.jpg,15
043978324785574.jpg,15
195948656823156.jpg,15
68396843484544.jpg,15
044495045629418.jpg,15
102768513427692.jpg,15
218291848385308.jpg,15
0160434203515212.jpg,15
000156245437349.jpg,15
384947570342148.jpg,15
216775555622473.jpg,15
371311774508958.jpg,15
064572901363662.jpg,15
286509443124397.jpg,15
022076992027025.jpg,15
15041290951174.jpg,15
67001618081781.jpg,16
374459778978357.jpg,16
59481262331152.jpg,16
039927272095882.jpg,16
238956047066047.jpg,16
279212053901118.jpg,16
155362946899009.jpg,16
253746574468939.jpg,16
098712282044445.jpg,16
64879256695823.jpg,16
367964948280547.jpg,16
493777800098558.jpg,16
69202945528561.jpg,16
95711279925058.jpg,16
433406361091047.jpg,16
310805873561225.jpg,16
59783811574543.jpg,16
473576001841266.jpg,16
94333194523032.jpg,16
525948287479992.jpg,16
052786986234065.jpg,16
01391941729325.jpg,16
4522079978546.jpg,16
195894514147992.jpg,16
024012582241864.jpg,16
152897640828701.jpg,16
6545182107693.jpg,16
55184549057429.jpg,16
70195112158535.jpg,16
05068092773159.jpg,16
0123987931597345.jpg,16
207604416961169.jpg,16
020009883602435.jpg,16
502786475609969.jpg,16
147726975717837.jpg,16
238056087750925.jpg,16
225820625384562.jpg,16
387777422356417.jpg,16
373967879800948.jpg,16
246158104577549.jpg,16
46746949276975.jpg,16
42245357555617.jpg,16
1164557059183.jpg,16
30554978388459.jpg,16
401197673730458.jpg,16
213555454648939.jpg,16
142017315153345.jpg,16
529325393828451.jpg,16
430599177378827.jpg,16
186037432082814.jpg,16
02806570476412.jpg,16
439694172329977.jpg,16
129305603066519.jpg,16
298963488198048.jpg,16
270653227923725.jpg,16
537766424201805.jpg,16
056184160518979.jpg,16
187079854924528.jpg,16
99978094894201.jpg,16
209342912985659.jpg,16
87201918568076.jpg,16
088497619322556.jpg,16
481567215542775.jpg,16
0112352710573185.jpg,16
173222137683924.jpg,16
0454492280098415.jpg,16
009897209807241.jpg,16
167014155459735.jpg,16
72740566059099.jpg,16
184421114394549.jpg,16
409718487883501.jpg,16
472662755598162.jpg,16
050157987672722.jpg,16
12295771090571.jpg,16
163633021952559.jpg,16
482176268689779.jpg,16
09399536748857.jpg,16
451094507963036.jpg,16
386828192058572.jpg,16
082875848660114.jpg,16
477415316943607.jpg,16
510902985504299.jpg,16
151206330063847.jpg,16
073089951950147.jpg,16
215742578747277.jpg,16
510894534457632.jpg,16
389763050552117.jpg,16
211368410575926.jpg,16
478687178820389.jpg,16
0448482900901335.jpg,16
031160201334167.jpg,16
438476908526794.jpg,16
57712056421982.jpg,16
038102318048341.jpg,16
089736646698214.jpg,16
78740366660811.jpg,16
41026916677886.jpg,16
065737291962825.jpg,16
422308989090935.jpg,16
258006168252087.jpg,16
52673524808412.jpg,16
112329658883935.jpg,16
537141742850364.jpg,16
320133637382819.jpg,16
136998164530105.jpg,16
52226463209243.jpg,16
0089843951135622.jpg,16
406767568492211.jpg,16
134209490293746.jpg,16
241478224418577.jpg,16
69326307416644.jpg,16
359475263391459.jpg,16
14570675057177.jpg,16
273495036439614.jpg,16
511834891988761.jpg,16
0339221003015773.jpg,16
380213701816556.jpg,16
12837740734192.jpg,16
384550585508681.jpg,16
317174231647297.jpg,16
59516091273096.jpg,16
0216360706874983.jpg,16
288338760222803.jpg,16
278067018567634.jpg,16
397940170101378.jpg,16
84889957167589.jpg,16
041798202403637.jpg,16
245212660892127.jpg,16
0350712601306864.jpg,16
218750765815827.jpg,16
161870311308396.jpg,16
267508599892595.jpg,16
483766176574039.jpg,16
135577077355456.jpg,16
356975914782731.jpg,16
55230002504722.jpg,16
0104339806574645.jpg,16
378080515353792.jpg,16
244998623534892.jpg,16
98809872392532.jpg,16
230573060767069.jpg,16
270930558305364.jpg,16
80177716310228.jpg,16
72774698468356.jpg,16
329575728905402.jpg,16
09282376510294.jpg,16
04822379304806.jpg,16
425788223111694.jpg,16
542393488475541.jpg,16
0058112422904586.jpg,16
013302603149235.jpg,16
256031716167076.jpg,16
184359610933781.jpg,16
84282198738545.jpg,16
0242592431183393.jpg,16
163992663539641.jpg,16
199993750037359.jpg,16
219424730603554.jpg,16
226495471389308.jpg,16
501523953790522.jpg,16
76929825582407.jpg,16
320898783575497.jpg,16
367305828234422.jpg,16
278570914723857.jpg,16
270981115784153.jpg,16
394958553511322.jpg,16
493147557892142.jpg,16
377752010781169.jpg,16
021090243258375.jpg,16
86876385204351.jpg,16
039864302560573.jpg,16
166659153172921.jpg,16
404826373056403.jpg,16
86354761590075.jpg,16
069722443464016.jpg,16
83711842851343.jpg,16
78774322439218.jpg,16
26244466126825.jpg,16
394679934186967.jpg,16
244831180420592.jpg,16
0526059352775274.jpg,16
257012975073079.jpg,16
82494608490871.jpg,16
063350437919037.jpg,16
311948600112084.jpg,16
75717547514509.jpg,16
513446375830533.jpg,16
87432562144656.jpg,16
97085297788769.jpg,16
272213123811175.jpg,16
6374653786017.jpg,16
482507826802559.jpg,16
039218495178056.jpg,16
374280640526959.jpg,16
521770819710238.jpg,16
087181015908021.jpg,16
178546614349845.jpg,16
541928901481376.jpg,16
369134094427375.jpg,16
234921513471084.jpg,17
79357889749485.jpg,17
418323889541856.jpg,17
134938777946963.jpg,17
267369581896052.jpg,17
331409794212247.jpg,17
447518955387329.jpg,17
5516345964685.jpg,17
146423356186423.jpg,17
23357684909218.jpg,17
434509329747481.jpg,17
311651310163242.jpg,17
262155360148742.jpg,17
24821066067486.jpg,17
86360440363128.jpg,17
316498441171249.jpg,17
219082445571223.jpg,17
407151551819992.jpg,17
141065019374025.jpg,17
503599300127176.jpg,17
015563155170426.jpg,17
69404736121107.jpg,17
139375254076514.jpg,17
056605846054913.jpg,17
323440819422635.jpg,17
34529599553161.jpg,17
45582372411383.jpg,17
40289368557371.jpg,17
260751860584564.jpg,17
540009115916891.jpg,17
406289895539918.jpg,17
032234529899197.jpg,17
105533003819588.jpg,17
141351046961943.jpg,17
145849515417035.jpg,17
0418548825226637.jpg,17
67118733796838.jpg,17
325180733997838.jpg,17
085798219977995.jpg,17
95651337337069.jpg,17
296497060871986.jpg,17
097990335336747.jpg,17
105213505341264.jpg,17
241271592781288.jpg,17
97214230852107.jpg,17
149024790673643.jpg,17
277625670722819.jpg,17
51817575883156.jpg,17
231434638466901.jpg,17
319061606598797.jpg,17
237093100287112.jpg,17
428125606858662.jpg,17
546795603004914.jpg,17
005718874406786.jpg,17
489880510055171.jpg,17
315221551465951.jpg,17
263700718032788.jpg,17
0280640540971837.jpg,17
160777596157087.jpg,17
439443946411103.jpg,17
465895643368015.jpg,17
452466066639318.jpg,17
460853224516122.jpg,17
534009610939858.jpg,17
72481327402756.jpg,17
410020023489334.jpg,17
387519313923488.jpg,17
300711652823123.jpg,17
340439041898413.jpg,17
507888034007983.jpg,17
0115127269388124.jpg,17
379324204768746.jpg,17
192017963554706.jpg,17
157519432259849.jpg,17
014529702411937.jpg,17
555669327801775.jpg,17
252523948218687.jpg,17
266711643492002.jpg,17
149338965036363.jpg,17
360463719654148.jpg,17
47840479570485.jpg,17
0037038918817036.jpg,17
097719930167379.jpg,17
320788359690988.jpg,17
34106765335348.jpg,17
2563217144431.jpg,17
0289364052210159.jpg,17
039084480495998.jpg,17
078493148164526.jpg,17
66740256525146.jpg,17
77166423386301.jpg,17
164936495218052.jpg,17
178149751740009.jpg,17
552741687013095.jpg,17
055037361384007.jpg,17
359898500497633.jpg,17
524214129255975.jpg,17
532589607750132.jpg,17
172195934814937.jpg,17
0261013446151444.jpg,17
206811605462856.jpg,17
97740574679358.jpg,17
0303476007761792.jpg,17
393829404026842.jpg,17
62395627851074.jpg,17
470893319927909.jpg,17
070348822362957.jpg,17
74576112005228.jpg,17
299779468621498.jpg,17
494596522268753.jpg,17
0187735903025952.jpg,17
267935215675803.jpg,17
116143623647203.jpg,17
166440756185383.jpg,17
543489575943579.jpg,17
138666238981078.jpg,17
447554762631991.jpg,17
049724397905379.jpg,17
068668562184653.jpg,17
508386850800928.jpg,17
525003467595973.jpg,17
530734759522123.jpg,17
446235661963963.jpg,17
168356384243868.jpg,17
348377991523041.jpg,17
556099588748912.jpg,17
027409703068384.jpg,17
223786734015037.jpg,17
243760854270499.jpg,17
369223086831154.jpg,17
259923568533563.jpg,17
042423865578249.jpg,17
66216387360944.jpg,17
374462513877069.jpg,17
191940759723064.jpg,17
435244652706615.jpg,17
48162807812577.jpg,17
020273958079999.jpg,17
247830812482517.jpg,17
023980306019516.jpg,17
030417836732658.jpg,17
101578514426957.jpg,17
59561878820361.jpg,17
394763925944622.jpg,17
318277183231672.jpg,17
334459410730203.jpg,17
243004643262412.jpg,17
0267840529912.jpg,17
414212422052953.jpg,17
438211724145298.jpg,17
59739876150876.jpg,17
370980796780011.jpg,17
243779319548139.jpg,17
434566164199192.jpg,17
369846974672493.jpg,17
521602165008596.jpg,17
309208480884085.jpg,17
188685270802125.jpg,17
187981947943065.jpg,17
143118783781573.jpg,17
174092004530964.jpg,17
38790139267483.jpg,17
541718684623515.jpg,17
078852736127265.jpg,17
168587571350438.jpg,17
467841587746007.jpg,17
64645481740241.jpg,17
248921793275802.jpg,17
159402549704519.jpg,17
420702466039326.jpg,17
024816674760898.jpg,17
70728113455251.jpg,17
428780184789131.jpg,17
96257623554961.jpg,17
479880283250116.jpg,17
153284006378914.jpg,17
029843950226905.jpg,17
448943797112792.jpg,17
55589236340056.jpg,17
75005378461741.jpg,17
248104448101578.jpg,17
275545030556922.jpg,17
79996531663375.jpg,17
27679509591034.jpg,17
553626653450095.jpg,17
78152288276917.jpg,17
227748430713346.jpg,17
239071096709018.jpg,17
329668614436261.jpg,17
174216621348286.jpg,17
103700973021579.jpg,17
92115971108013.jpg,17
0523884525520477.jpg,17
497442228730885.jpg,17
506529791529011.jpg,17
493455773832418.jpg,17
485919696643137.jpg,17
276503611267173.jpg,17
091764541653415.jpg,17
426549404445413.jpg,18
258857630817583.jpg,18
189544571554899.jpg,18
442217340198777.jpg,18
505441343201879.jpg,18
396576798006806.jpg,18
505390799920572.jpg,18
233467581317869.jpg,18
003163737767174.jpg,18
030261377475688.jpg,18
480371798742277.jpg,18
114591286631728.jpg,18
061998537603537.jpg,18
87883719909751.jpg,18
18479936523452.jpg,18
433456574855728.jpg,18
397020947189962.jpg,18
313858050664917.jpg,18
419975744307693.jpg,18
120593283623986.jpg,18
152619815992267.jpg,18
77981961266115.jpg,18
160306917269777.jpg,18
398752144544431.jpg,18
367390361035673.jpg,18
409505426116284.jpg,18
024433789266128.jpg,18
465675302525582.jpg,18
495867770946233.jpg,18
255355448284062.jpg,18
166666336951681.jpg,18
374285535780491.jpg,18
21314727272257.jpg,18
172377090717331.jpg,18
320390520307748.jpg,18
305176875824193.jpg,18
315454791225489.jpg,18
86785904584039.jpg,18
144771521325511.jpg,18
197575788169134.jpg,18
443432153739677.jpg,18
342093506170698.jpg,18
133822391826094.jpg,18
40324701828252.jpg,18
249995598883983.jpg,18
201856584773425.jpg,18
404669637698334.jpg,18
394672900039917.jpg,18
051811579438648.jpg,18
334641101702616.jpg,18
360516913234198.jpg,18
389201760821112.jpg,18
0390211928783906.jpg,18
1972277883685.jpg,18
379297196657607.jpg,18
0320158615596686.jpg,18
54474404447413.jpg,18
245494416793979.jpg,18
74230784778714.jpg,18
118613269944115.jpg,18
38743466469885.jpg,18
482906456116266.jpg,18
017597424672868.jpg,18
278292120049398.jpg,18
009869966776627.jpg,18
490568935565327.jpg,18
421647264611777.jpg,18
048603365261096.jpg,18
389079039109474.jpg,18
410798385829256.jpg,18
450515638763641.jpg,18
482977238799196.jpg,18
060513034558077.jpg,18
43139900483584.jpg,18
54837398726944.jpg,18
273353412655411.jpg,18
459342859788789.jpg,18
12937003373658.jpg,18
023417193392852.jpg,18
0314559183254264.jpg,18
141746243333376.jpg,18
500232067123302.jpg,18
393916662509215.jpg,18
0344621825364224.jpg,18
310950512596191.jpg,18
081776405580496.jpg,18
310435142897594.jpg,18
142490541545908.jpg,18
357923175057903.jpg,18
032635895575202.jpg,18
461232157782672.jpg,18
73712681805327.jpg,18
279259189199479.jpg,18
330559091096081.jpg,18
159495245362622.jpg,18
12675513788451.jpg,18
033290784009314.jpg,18
458733567576733.jpg,18
363745827546036.jpg,18
227647596802473.jpg,18
314817266872378.jpg,18
05097755455036.jpg,18
71061871307941.jpg,18
228173116067218.jpg,18
099853205734822.jpg,18
280427399414507.jpg,18
43066753623882.jpg,18
62244948964074.jpg,18
455082596648205.jpg,18
509221244926164.jpg,18
410097117483688.jpg,18
41985043240528.jpg,18
033466311038766.jpg,18
008154215262621.jpg,18
243856472004066.jpg,18
261914468888079.jpg,18
011587071174538.jpg,18
385386568990102.jpg,18
201460927840693.jpg,18
206568117739385.jpg,18
325138657426836.jpg,18
29972751758205.jpg,18
013609063681747.jpg,18
424439425511829.jpg,18
276639222272167.jpg,18
201189658339958.jpg,18
400023542983711.jpg,18
128863339576382.jpg,18
203993137058525.jpg,18
125203904141847.jpg,18
100001227475429.jpg,18
222264903932372.jpg,18
390642872274879.jpg,18
335716123073237.jpg,18
344376357939026.jpg,18
103523292534485.jpg,18
310268090943363.jpg,18
280159606883226.jpg,18
58139571275304.jpg,18
227220604459985.jpg,18
405920864782631.jpg,18
327830358635397.jpg,18
422093963455072.jpg,18
4642442981747.jpg,18
22066502646292.jpg,18
069652388698213.jpg,18
49921583861871.jpg,18
248289850600533.jpg,18
0077930369704684.jpg,18
070166823814132.jpg,18
214804386886279.jpg,18
286076454849439.jpg,18
174246599553626.jpg,18
29621725352067.jpg,18
047677950241323.jpg,18
285808118200757.jpg,18
195788377852159.jpg,18
040325930357955.jpg,18
502194965792005.jpg,18
070214135774124.jpg,18
361610844413679.jpg,18
437467686728711.jpg,18
210381503304208.jpg,18
437625480844263.jpg,18
271068479468966.jpg,18
205460137034968.jpg,18
063557071098582.jpg,18
014948696085271.jpg,18
343102350859838.jpg,18
094012483838235.jpg,18
39219916259092.jpg,18
322834949310277.jpg,18
318758431623169.jpg,18
203158011567433.jpg,18
368584897472757.jpg,18
468110052878285.jpg,18
317157237244494.jpg,18
073238349353439.jpg,18
345383404937481.jpg,18
417176925039504.jpg,18
404068582331826.jpg,18
57472229142171.jpg,18
124231099861409.jpg,18
380776121139119.jpg,18
018130556735323.jpg,18
444658174771624.jpg,18
420247766414936.jpg,18
021132809332236.jpg,18
359318459888875.jpg,18
407641054646112.jpg,18
227287892101348.jpg,18
360787136524962.jpg,18
052283897427097.jpg,18
0108163926065017.jpg,18
24489417515014.jpg,18
026588083152872.jpg,18
73578111084335.jpg,18
041435059220863.jpg,18
402023873361338.jpg,18
271067186613079.jpg,19
042285830013351.jpg,19
088143557178517.jpg,19
516262436831108.jpg,19
174047304193752.jpg,19
38329794830822.jpg,19
269184940122816.jpg,19
521728291325501.jpg,19
480817005938848.jpg,19
343040157644365.jpg,19
357206325406584.jpg,19
415513308566451.jpg,19
538462436183091.jpg,19
156919762140964.jpg,19
97377095955025.jpg,19
39763828410336.jpg,19
301543087804578.jpg,19
7369602455245.jpg,19
135437636382681.jpg,19
309278795306879.jpg,19
088296437373861.jpg,19
01080597123946.jpg,19
537315108374921.jpg,19
418209569066397.jpg,19
0178146420173626.jpg,19
188528600260845.jpg,19
095674046497155.jpg,19
261193679061114.jpg,19
5239593567843.jpg,19
304104063905901.jpg,19
111190775352279.jpg,19
106690949329792.jpg,19
207015621397491.jpg,19
0134123962859307.jpg,19
73681698112567.jpg,19
99321955115442.jpg,19
459702529199001.jpg,19
148213752422264.jpg,19
375004712619604.jpg,19
456283468224034.jpg,19
488945252019313.jpg,19
174943964359938.jpg,19
209419488702551.jpg,19
3750985470115.jpg,19
113519964677529.jpg,19
262824750119179.jpg,19
517400378000174.jpg,19
575816303776764.jpg,19
219784481424828.jpg,19
450108000963863.jpg,19
350447194455155.jpg,19
0335789837604457.jpg,19
00446551460097.jpg,19
303801116524536.jpg,19
214941754622475.jpg,19
134953379384725.jpg,19
239493579491822.jpg,19
191862109458174.jpg,19
323778112287493.jpg,19
043132420946401.jpg,19
196274362185979.jpg,19
268802038608876.jpg,19
83484098204049.jpg,19
386988125921029.jpg,19
456560898795467.jpg,19
000549837492084.jpg,19
011387017423865.jpg,19
355626765923601.jpg,19
0071207947223793.jpg,19
46855081902832.jpg,19
113077203647415.jpg,19
479899955883832.jpg,19
478838537583572.jpg,19
425221152583204.jpg,19
139244147098915.jpg,19
093058999649644.jpg,19
12198198615293.jpg,19
282223313555259.jpg,19
209497642811157.jpg,19
356204091704657.jpg,19
266066261107466.jpg,19
033971210082126.jpg,19
70959114112091.jpg,19
048391728318766.jpg,19
322880511823286.jpg,19
261925751797549.jpg,19
333026199018127.jpg,19
279188762020905.jpg,19
360343374470588.jpg,19
498598391511844.jpg,19
57423232408095.jpg,19
330288711830732.jpg,19
241035806657243.jpg,19
332284964425975.jpg,19
366647156413022.jpg,19
0427145785545411.jpg,19
176030924413041.jpg,19
155084897336286.jpg,19
156275461666483.jpg,19
050354768453544.jpg,19
78101890587713.jpg,19
456256838559127.jpg,19
194666751834123.jpg,19
012954871168443.jpg,19
39456300635427.jpg,19
304238682843338.jpg,19
83162955799895.jpg,19
483893694214576.jpg,19
109810495531558.jpg,19
088467246011746.jpg,19
433945999202473.jpg,19
94660674873241.jpg,19
375380036375031.jpg,19
085207550787331.jpg,19
89165091388627.jpg,19
263066907838825.jpg,19
99864508195692.jpg,19
34725200274083.jpg,19
326200173271766.jpg,19
376381724900035.jpg,19
318691014962214.jpg,19
092494134134944.jpg,19
349438399976134.jpg,19
005006348740171.jpg,19
77607268586757.jpg,19
4943011217949.jpg,19
223435069008468.jpg,19
370570632249007.jpg,19
300094608701555.jpg,19
357784607999662.jpg,19
252409252201407.jpg,19
051823630367628.jpg,19
014391525813799.jpg,19
316620899095333.jpg,19
315779350964986.jpg,19
052696628886296.jpg,19
342221928239743.jpg,19
0419696334597162.jpg,19
465212298463005.jpg,19
537071470948048.jpg,19
213319546001026.jpg,19
452362351374965.jpg,19
173332518768099.jpg,19
004206437354656.jpg,19
259050298996902.jpg,19
310245918681892.jpg,19
37939448916199.jpg,19
291495555784963.jpg,19
141233844348945.jpg,19
555768721630261.jpg,19
091990339204359.jpg,19
307752328143092.jpg,19
79935533466953.jpg,19
41809061506441.jpg,19
97436809118492.jpg,19
235699746550783.jpg,19
391875397335147.jpg,19
070860204674435.jpg,19
365327404737467.jpg,19
441281656423147.jpg,19
202028615837753.jpg,19
254640302019861.jpg,19
095548432416568.jpg,19
196332803814396.jpg,19
253379239368493.jpg,19
582816183563098.jpg,19
0319536051518341.jpg,19
364627170110648.jpg,19
084646531044659.jpg,19
70824209866754.jpg,19
449267731753736.jpg,19
258728265704914.jpg,19
365876920209201.jpg,19
334132559851246.jpg,19
48808087048677.jpg,19
553389213657846.jpg,19
350327041136498.jpg,19
8712952087574.jpg,19
091964128935625.jpg,19
363402592337584.jpg,19
09750997392036.jpg,19
359495244764769.jpg,19
162920478439828.jpg,19
238522115035332.jpg,19
515887138901453.jpg,19
52145086307606.jpg,19
023150129258693.jpg,19
378320580127081.jpg,19
288687019924134.jpg,19
095992938210059.jpg,19
239549593567418.jpg,19
486910562864853.jpg,19
293507201684119.jpg,19
237486165314177.jpg,19
419103660452473.jpg,19
422616457300224.jpg,19
486209920704548.jpg,19
367449105104205.jpg,19
47651801314623.jpg,19
